-- MariaDB dump 10.19  Distrib 10.4.21-MariaDB, for debian-linux-gnu (x86_64)
--
-- Host: localhost    Database: inventario
-- ------------------------------------------------------
-- Server version	10.4.21-MariaDB-1:10.4.21+maria~focal

/*!40101 SET @OLD_CHARACTER_SET_CLIENT=@@CHARACTER_SET_CLIENT */;
/*!40101 SET @OLD_CHARACTER_SET_RESULTS=@@CHARACTER_SET_RESULTS */;
/*!40101 SET @OLD_COLLATION_CONNECTION=@@COLLATION_CONNECTION */;
/*!40101 SET NAMES utf8mb4 */;
/*!40103 SET @OLD_TIME_ZONE=@@TIME_ZONE */;
/*!40103 SET TIME_ZONE='+00:00' */;
/*!40014 SET @OLD_UNIQUE_CHECKS=@@UNIQUE_CHECKS, UNIQUE_CHECKS=0 */;
/*!40014 SET @OLD_FOREIGN_KEY_CHECKS=@@FOREIGN_KEY_CHECKS, FOREIGN_KEY_CHECKS=0 */;
/*!40101 SET @OLD_SQL_MODE=@@SQL_MODE, SQL_MODE='NO_AUTO_VALUE_ON_ZERO' */;
/*!40111 SET @OLD_SQL_NOTES=@@SQL_NOTES, SQL_NOTES=0 */;

--
-- Table structure for table `audit_data`
--

DROP TABLE IF EXISTS `audit_data`;
/*!40101 SET @saved_cs_client     = @@character_set_client */;
/*!40101 SET character_set_client = utf8 */;
CREATE TABLE `audit_data` (
  `id` int(11) NOT NULL AUTO_INCREMENT,
  `entry_id` int(11) NOT NULL,
  `type` varchar(255) NOT NULL,
  `data` blob DEFAULT NULL,
  `created` datetime DEFAULT NULL,
  PRIMARY KEY (`id`),
  KEY `fk_audit_data_entry_id` (`entry_id`),
  CONSTRAINT `fk_audit_data_entry_id` FOREIGN KEY (`entry_id`) REFERENCES `audit_entry` (`id`)
) ENGINE=InnoDB AUTO_INCREMENT=13409 DEFAULT CHARSET=utf8;
/*!40101 SET character_set_client = @saved_cs_client */;

--
-- Dumping data for table `audit_data`
--

LOCK TABLES `audit_data` WRITE;
/*!40000 ALTER TABLE `audit_data` DISABLE KEYS */;
INSERT INTO `audit_data` VALUES (13377,3043,'audit/request','xVKF>￰|JÌbC\0lP\Z\Z8=Oug6+E9ҦWU]Ɔ85^C3yҌo!\ZCqXUF7!4T\\?igP9T|\'؂I^ǚ}YጞmQFH_>gUIo[We	>:Fga~!\r\\\'D6^/QP\"_20q{1|}7-8agJU2%^L\\o0CU+8O\' ᆈԧ\"-*5	AC7qX 7o#{ux.N\\]he~K?\n\rɲ,H8Km*_CLiy\"C2(c\'mcHמܵj\0?65_V).#[3=b[榣QMAtȚ3[U2EQ[\\9.).e\r^#9LQbXנ<E4`_9_qZwv,uПš1u\rɮh\Zq\rU2B*Z2AS <S5˅\\ފZKz.e\"4U!\nLRZ*\"ٌ(zg*\\(`jm->|;.#\'̋G)eM{~RNMlj\"}\\1\nW}\\e?5jZqZO*ɶ\n+֐\0܇=4???O8&{i7d \'ji0_ )4&DvYTEK#8mItWȣw]&^-Lh6׵ސA\\U:D𢦏fKҶ9F\\~(R;\0(r\\߄gl;Nd\'uz5ZooͰ#@xۢ<ٟN,/;wzW]xU5-+W~j!ѥw\"`%yz%Cx! 0n:JjtxXbH-OZ0=sދhA|.7b,H>בgNµ}kB8	}53$lxCEq+8oBf*<MDQUz2>uDt(a.]\rsZMB]2icj[EoPvˉFDԍS-','2021-12-01 12:05:01'),(13378,3043,'audit/db','x\\mo_aK\Z;gQ>K\n]-˪U~;UJy晙~Y6<Dhqz9C%E(tx}5x}lv\r^w7`\Zh^C/9G~&t[EqKq9\nA+4N]X\nfᗯPSZji/?K`r&΄&0llb2ǲh6꽓\0\r[\r.vԮ[~vn0Mp<]I4x#NdJ4^7:V߫ll3GhzQ>rO?Ix<}?Ol_M]ךNw\'n_vK5nڭ;=ZlWڝoOxnЊmz0<yyxǔwo75 nM.{s~^I? }7*8gJE=%Գ*U˥^Ѩg%r=,<nu^c`lD\r?sO埳Q?whF࿵m8{?\\ͣf޼p\'?1LJ?t2aOOBjA_9jZ_gu$O*6c۝V?o_hnn\\/6:52?B##W0:#>nq>2j8AȂSPBs3te2re@^3*/\ZkS\rh&:9XWbu\Zub<Mtt\Z`O]bSщ:b? 4F8B(Clu΅f		\0n{ui Q!2i!¹\"%3e\nF̈D1q{+B BP88;!\'		@OD2&Dx?ii$r6C\"-ի݉x7dn)$UR!SHhHتJ\'U:Y{N)V%s@_P>	[1b^ży\nTNuz`?@0Jb&	RP09i\0(:̤LYX))eil]0)֤bM	\ZH549(EXSME:άHHر	Кb!BMa5$\Z2K8*4Ar\nxB\"`	V&2V\ZyjdTaID*=ʿOSuV͖{L\"]@#K\n)8Rc#IRyY4O-B2T*p)=ŵ)HY1Ԛ\'sR4pTZ9e!<)F\Zj{D\0خd_y㏳~<Zz3RojFe@L&LU-sUWVJ:	Tf#z㍬Wq^.\n=)9i\rd+jK˂=ՊD=EaAG`7Iq($srԪ)HKYV\\3²\\凲(\\a,+eQŐoBJIh,\'-ʪ`,YCz.L%`w	1d.Nu:i(\'IS~z\\:=EƂz2TW1bb11G\\-XveKlK=tm-9H0v)_o͖Z*rKKgK*8^&HĽ@~xɰ8\08&+19F!Z8cXN	-E\Zewp弴M>geT<Y\" j\"0Sޮڣ2r#D`[+uT穎6X\'6t	Y*>$XE|rW0x|V<WoΗ{JIQ~W\0@~;_Fqm9	zT 	e\'sΛBWptVfcY=U!ާ#~U!\"HޫfUΑY&!:jUVY)`1IϦZ2h4gr|mכa0V3CϢ%81*Y	JP=KASos9rW\"Nx%\\G<g1́ܲoiL^PHt><>jS̱/y$O+4hQokl,i1	}cJH*+K?Θ@ZFnA½pG&)e85qaySڥIf,y2)DIiU]~hKR3 Qՙɺ?jhcjH l|J `0&dipō`VhpYYYepZ*vt` sdVt➿~?@O','2021-12-01 12:05:01'),(13379,3043,'audit/log','xZ[oH}ϯxI\"/xiXjJnkmScFUmH<085H)$̌|39g.\rs[؍Y0{_yĳ6PXancf7F烏eguˋ:.,[a:	4u\'\rՋRaɿԉg3/m\"Hnķ!3$m\n\"yeϻЦYs2]r	vcpDa:}gM(\niG5F2/	u_E,(s/.oЎs ̄!2Ĭss:KOn\'ZtAv5kPr9CqN\'S$?I렺#KO?(D}Eo2~\rfCsn7yh=}okr~QN{\r޻V+𾅣&#%AZزqqVxː:Eۈlp_|<Wn=5<8:.S<)R.OuX\"ͶjqE\Z@xx폜R蜥F;٬VOY~?$w?۽Kgd~$m]Ǟ:-D6 6Ǖf#*r$&)\"rU3C?|:XDCB;ɱPM4vѸIb1M\Z\0q		xOW	Uže%cNRr@OC*NU΍GSlĥ4%ɏFn{cghQ)ڗ-XMqB\0\\ !FOc\"R\r4Ckvy򵔄A(\\MҚg{%+ɫTҒRzo)剧YyDȲ\0JBdFBhN5,!1aJVP.>Gd(69n\nFp\"AʠI*odjB*W5E6!hXTR/Q:E˪*mK?ʱa\nRk< e\nd!\'d<u0;OVrE\"\rKL)*􎱗EJu8,Q,Ug\'ixO/I0~M!E&|)~\"2L)D\\^a,LC0--n\ZqVrAB!1Ba8g&sƛe(;fMF6\nY/>S#0P`\nRaR؄y9\nͰ`]\\v+Rp&[by.5^W:uqIفH!Mǽ\nrjk,`ZP	U7k{n\04ܸ~R]H\'C8Db @/KHr0$yq}\n.Ƴ$4\"@|fP^@~)%U=\n9vz܃ՖDN\n1SNGj]Ʋc椈Il< @qB 5J^*P\nDFp{{Ry{qRK`$iup=^`^ܧ#jŅ\\]GǛHI(6KIǱ~p69-/a\0DNaAMHƕD[XLZʼ-]\n]J\r`xZ/Wh6EHqi[\r~<C$gPEDE8w΂YNf8kI0 f_]NIϻ\0<6R','2021-12-01 12:05:01'),(13380,3043,'audit/profiling','x]mo_aK\Z3(XBM`]]i% Y=4b\'p9R3993~(oPh<}=<(ZC.Ftiv)2\\YyC4?<Άl[h>GCp[0N&`1N`ut8M&l4oO8Ze	e18*_+SQV \\\n͸S\'V:/}*?t1\nd-1d\nYߵ\\^Un]p\"ÎTq2ÿL\0&=M~,龧ę&M0ULƠŶz w^lwkNYjZ;hc{=#~LOw	qhN9}4&h]o?Eg?w?Hx4y?u烏ѸE{mA_sog]{A0V3*zSlgɍcWxsvЌm<Ϲou\\8naw\Zlyhp&|gCߟGIoZ\nW,8ZkJE=%Գ*U˥^Ѩg%r=,<hם\0\r8?6l|Ga,/a8w^}Y͢_&~y/a\0::oI/\0!PjgAM{Y	~\0PO5Ty,\ZMqMĻF6+DDKNLnP$`yhΈOY|~MwŴ\ZN)G{T)Ā07\"Z2d^* ȀdT^4Ѧ\ZMuesVb]ź\r+5Kf12UH;Gu\Zk-ueLQwF\'ꔋH=vIꇲ9.;  A^4׍+$\"D&-E8VRd$}pxX(&nwbED\np;1\"$!!≨#R3؄Ȗ1\"-\rDΆ~RW$z9}P.7AL*)A$p\n4^@Uu*\"u=J9/(儭W1b^<@*_p~ށ\\uz`;@0Jb&	RP09i\0(:̤L֤\nYX))eil͝0)֤ؖwbM	\ZH54;9?)EXSME:άHHؾ	Кb!BMn2\Zq4e2qTi`1,E`!LFelU4PZɨlÒnA[82\'*U{㟦5DR$IF.@SPIq\"F7/:ZIhZ\"<e$T`w%CS+{kS~,Dc9Oh眥h,Kq#8:J\'=iGBxRR0\'4v$\\YKɾ+,F,z3RolFe@L\"LUMKUW+VJ:	Tf#x㍬Wq^.\n=)9,M^,RHSti6[c)RNR:*lM	U,O:jr~e9#,u?X+2%˲bWX&$D9fQrҢJ	V͢5t.$Y6\'O CTXWO!\Z~rJ?UeǥSd,8K\'Lq*+sTՂs\\DքI瀑s P٦ْS( c\'Ln)Z.֬gPK\\^;[\nW0A\n$0q&040 h&aA8<@&i]b0MoET<Y\" j\"0S֮ڣ2r#D`k+uTVX\'Vt	Y*$XE|rW0x|V<^WoΗ[JIQ~U\0@~;_lFqm9	xT \ne\'sΛnBWtRfc~XݕU!\\-Ӫj]{*DȬ\n;*Ք{gS-{?Q43V9FEV\ntGOfU%^G79rqvVīWo#\nF<px=H#Vý6ʁD@.wYCv7RH/	cH$:o_*ݗ<	4ǨR%6Y[nx7Ҙޅ1%P$YGov3&Fbp/ܞ	r{l-;vhM\\XEyvkKކe{\nhv\Z[U\Z䔔xUu&w.<㼆֝<;S\'w	dҁ{?θjX8\Z3=+9#N_n)82:t','2021-12-01 12:05:01'),(13381,3044,'audit/request','xVKsF>pdxp QdoRF0Ȕ do\\3${=䂦{z{Zgkkh$/q@56[k1i;Z0O\Z݊4\'kjߒTW:p;ɋ/+]՘+=(SpVvMUZ-n_~ewH\07!sH57`=	b)l{uv&ה΢ʾ\"ޢS)ZxRؒ឴z.Hs,Ң;ܰЀ`$hm.<|bpmD%n*F1GOnĵمD.^Q6oȟ,˂Tۦq#r4m*Oea̫\n%vl7=Ky,>ғv\0*%;P?eL>?#&Yka:5d93MU՚+sYe-+G%E%մ칢![;ua))ig;F];W\\])!ZQ3~ѐ슶kp98[=+|SUs,))*,3UQ\\H幤ZR&bML3Q %e!ωy&n/uBF{UmՇY2re^~v?o·,}TKbBCt+FWY/CڋV#J`5d<*\0)tO:>m\\M_a5>\Z$܄(1>˒J8\\ǁW-	ynѫ>m&$(ui7f:Ur9<#ّ\Z¨+.};\0(r\\߄{L\'Bqp:;zjbw-ַf mQGLoW;x~xU\r-+W~j%չwI<+آ3b;\'oq=Tȴf\rO4tYR~Mǁ%6d)qx\Z<罊YħrxVNjzߏLh ~yfL \\۷67h\'fObؠ(Nb%`**Ȫ6L2/@>Hlg(Ϲ.]uzwJ̨Q/Q|GKv1-7(yG##\'i_','2021-12-01 12:06:07'),(13382,3044,'audit/db','xV[o@~WL|Q;3@Rvm6iSd\\\Z+h>Hu9(ۜ<g?y1J6T\"L{0Y&ms90Ys2\n\'E񻣈\"PpĈv7Q>>i$wɳMe)BJJD\ZBqv!ݾDtX(xT~5&a&ePIibRQJ0\r\0ҿur܅6\\4AEƢsGE˅117}5OW<IC`k~ eý+q,fE&^<ù3x߹goƏ7KG}QUcꚫu5{7BDj4DWArPiO֊m-B~*}<L?%MJUgO9Nckhw쓯L$Ez*ZzYzg靥wRzIOR\\I;cQX4<KB5\"g^x1/Ұzd<f.\r{(3L){!F_BP/)恀pgDaw\\]7*&*JW','2021-12-01 12:06:07'),(13383,3044,'audit/log','xVmoFίX\r$8Z+L\ZU2[ۧ(!\"<33\"|akUF!CзO#܏G0CG	]R%1?I5!So>GAB)kn(_{P䮬	UA];*ZOy!MukC[Fa݄D!:e\'7$x!J\"Ǜ_{\\b\r#sЫbkeƺβlC?}sY{ַFdlFgd<3``	E$LNyvcAXa96ͱ9wĸ%ŞO{@|Gp\097CC]sg_O ikqnfych}z\Zo#4O`[ݝVX-n|v|4*m;pj,\0ң7[ )UVt\Z8Ui&IzEݞ;OXls<,bQϷ5\'2b`o\'Ƃ&)ŝ4#5.A?$H(]	\"%(hP3Љ_T)]pHv|*J;RMMϠ/iԚ.^Cr#b	i9f/k:h$,#qPw&d/)$-<\"aqH],42j.\0q.g4ۂ-F>FfcOInjq\\>#{B#r\ZpƂWhHIP:ϴ3=˫˚B`!׿2?qqq|vOBldUg:\\N\Zcp*iSDK={3I!x];_Rњ\0g<F^<=Wςtϫ1V+h[4vPhJwOZs≑erSI0lPxMk7ͲuXaˬyۗM[oN\n8)d誢\"W=]RؙEr<','2021-12-01 12:06:07'),(13384,3044,'audit/profiling','xmo@).QḞJi놐Y-\n4~ݡ4,ًBЧb*,͋4H	!\'xPRJU2iSxDTB\0zeޱR\Z|`JO%8?Qe,< ]szibYIǳA<5n\n(Ŀ\n:nUVLxvcn-Ҝ;\nEX!\n\n֏93*iPMԐ\"Y|1_-X<	]bjt \\Isb54bJlmLzuyP/_1ɐh-LPͤ7tgٖ9\0	~D80]Ǜ3cd@^VEd/j|z!y%=_YغƖcZ8NnY~ˆz{g$͋4]=Kíаm^tCgW33.7Nܫj\Zv/pZ;js/zL=26Rd_)g^Y#yk-F{Sazu8kNiln)6fkU읏+j*葏;8zo}v: U1z6gɐJCǳs~/\Z,+?e};QA|3^6yyw?işet#\0)&R\"+\"D;0IXO}zBx]W:','2021-12-01 12:06:07'),(13385,3044,'audit/request','xVKsF>pdxp QdoRF0Ȕ do\\3${=䂦{z{Zgkkh$/q@56[k1i;Z0O\Z݊4\'kjߒTW:p;ɋ/+]՘+=(SpVvMUZ-n_~ewH\07!sH57`=	b)l{uv&ה΢ʾ\"ޢS)ZxRؒ឴z.Hs,Ң;ܰЀ`$hm.<|bpmD%n*F1GOnĵمD.^Q6oȟ,˂Tۦq#r4m*Oea̫\n%vl7=Ky,>ғv\0*%;P?eL>?#&Yka:5d93MU՚+sYe-+G%E%մ칢![;ua))ig;F];W\\])!ZQ3~ѐ슶kp98[=+|SUs,))*,3UQ\\H幤ZR&bML3Q %e!ωy&n/uBF{UmՇY2re^~v?o·,}TKbBCt+FWY/CڋV#J`5d<*\0)tO:>m\\M_a5>\Z$܄(1>˒J8\\ǁW-	ynѫ>m&$(ui7f:Ur9<#ّ\Z¨+.};\0(r\\߄{L\'Bqp:;zjbw-ַf mQGLoW;x~xU\r-+W~j%չwI<+آ3b;\'oq=Tȴf\rO4tYR~Mǁ%6d)qx\Z<罊YħrxVNjzߏLh ~yfL \\۷67h\'fObؠ(Nb%`**Ȫ6L2/@>Hlg(Ϲ.]uzwJ̨Q/Q|GKv1-7(yG##\'i_','2021-12-01 12:06:07'),(13386,3044,'audit/db','xZgTSY^Rud	JQ jBB\"U$^@ A\nJ&Mi\"(RUQ	RD?ԙwf^ ?nn99g}\"(Hy$B((#\"@P$Lo1i uLeY<D+<g͏GDCv/2~2P$m\0uW	D{>,a(<BNJV^an;|wd/#ȣ!{J\nCIUۃ?4њꦿv_NRScU]S+U}Mk	֕D $+΅`-woiKcM-McMuM\r+SU5_|;@%<p6΄_{4_:o?VHs%<$+\'*IgkF|OkZDUwh09~ꪦh5H@{a ]R5Vo&:{2럝l;~3]U}K \n1~s\r\'%ȟ)%3^VZ\0A@J<<{-OO_$޿:\n\n\n=O~V u\rL4MA+ٻǊ\0Y{ے	8f`U	H%~4K! JBe$!PT	A !rߚΜdj(/ջ&/y_pdE\0j\\H,]`k9,HЯdHN\Z? }C֩Odtk\"BDlӎ\ZH\\k]x9\Z\r;9/% ^D]_e)O|ycB<_-h袉ۙ/}яfc3̤	t2kܧ+|b^QؖȶM$[+O:dR֘q0|W[3>Nϼ<ˈka\rfN4?R2^KsI(DԛޠTkvA)D>Qχ??^v%iA[1Cam\Zɳ4R7!\\{;nKtLG.bY$\\,ǭuڇIBe?+	|pSUe򂶌PVTnp!oq9\"`%f/S)lkaBB/+3ϥ3=qֱD{TzuMt9\0XP\Z\'oݡakSN®苛| nSiWČ\"z\'#	䖠/낙@TNITuxXF\r3b_)u	rih{dL<](k2vՄ9p>.ЋW5R은X]}6jYZc],1Bp7dql	\\J+[n+sԁi0[1L벖$\0[d\0ÂaI9oBEʝz\\3\'=닑|*VHuw;[\nF]R+N4˓(g׋4K:GVP,`,\ZVQ\0`4׊KݏJx>MˁZ d\0Y	C\0\"jen3	Hs_GvG.Fۮ\ruޗ?zuq^V_XU8>A\"J[+B;*ٱQLܣ\"780?+J=Xqp\'>\\\r`&\"۸,r䒽38Ģ@%4\0+r.ۅ`l\"v\Zl0]N+Gܺ׏~(#]4tJyh^KעsڄhNO3/<c26?T=x$9u>Cbh_v\0!o,X/%m~YΜs8a7Jxj`\\uXHcrO_\0\0Ǵc:u<xD3+>*ګ 2V鹧L9\"EׅP\rDX@Drmf_Z`]%gʢ<C.Z\\\0QңӨj^>8u즨H sMa]1^; ]\0 !+7ag2ٖx0(#<K. @6&f8۠~:)\\w\\=_N3QIհ[G1֮\r7j{hf}Rps3c]oYNFMB{U!\'/:S=92[GxMm:P\Zx\"]>HeoHhP_/S``DhjM_l/~Vc_m=J]\0enYg	@sێnm3+T([{CK|WGk\02_L(l\'=\0>wNnj95OA+5:8üUҜqzQZ5q]\0`r[XLϟWV?}59H]Eg\\\\ǵXv4/ǆYLT]fع;_j10e9)aC\0~(Z5\':OZw\ZNV|/c[ƴx;\\2+&H~OC=WtƃBP5Y>Wm 5%pIdqᡲJ3ˣlè`1H,x1>0O0cjύj\"ކj5\"w	lFo>==#}JP\06-N2Tr{oP[\rTj㝙X)0AɖChnzۅ\\ճ8RW5BwKOo㽭	wc1~t<׎s;@Jk[|>(yB}Z²bq&b{^#@D\ZDwK.V[[Ly]\0U\0	=1hr[Ϝ}P\'IϚ|5=,1>0g;W\r\Zy7A`GGòt}5gߦg|KBaF;SH,vLtT^fD\ZȬ|nh:@S<gjy$n_RT*3$jygu0*J^*<a\nfrk	\nC?8<sG\")urYK\0CtĴ zHTA	\\Cx`\Zgk\0k\\{\'KDi}|ɍv桥u|t#\0$]*1q8{pHPdtNK^;[n[Rqw\0P&02ͽ{>cREǐ5G02bs|ygAg5elZ_>2BvnJ\nSww^w1j,fH\02\0T7#+qDw٣ؕVr`|!ޝ(,LG.u, YZJee=!=3ⷫEեM3m:]`SƯ\\\'yMus!ם\rn3;q]*,}1>zY3|qX?\\\0 ʃ	f3\0~4N%K;;̚yşkՎL$-$nK=2JxP;1V>{X8QlOR,y Un[|-1ǽqQxllN^!>@8I,^bGSp7?O㕩Z\09K|Wj`C7[^ns;lI\ZW5J\'H+f,)$oXs.*v6%ʒ\0hK=@BUSlIice\0iZ,@\nH\ncT1K$C/\'C-Vg.kꜶ~5j80۱:EwRh9l^?/[/WBHcE+8ItMaWM[C\n\0dPFԨ<Ĳ=5:.lOT37IҎ\\E|M>BJVYQ5%mɶpFEcYDk {ovE,_S:\\Tdۥ]y6Us[0)9\Z*7?:Xf/iZ7,q.ˈfR\ZHIHۆ0~:?o!4TR-59rگ	G\'۞Ns%]~SXZNqΙYbk3bN}]掾B\"A}\"왟驷6PFr|3c|A\ZnI^B56EM@ro=xsJp16#tR ă[بowʇ;\0\0F3HFnNaLūI\'y[t#/f~Y	=Ke?}/ߗ_}/ߗ{\rP@=/','2021-12-01 12:06:07'),(13387,3044,'audit/log','xWgTSK^R\",@B\'@ @B^ăHP$&  Ri* jқT^\nt ]DEw=k9f̳g.	\'<.8	c# 0p(w`?:$8Tc2i\" 5TOiYc<x+,c̓%q:IIy|x\0k`X8GfE`0dea`eHIaD7%i 5L\0?Nj(}c#}+}=\rk1֕@ b+g-O7gaB*Ro\"GlqX+3蟖c;WJ\":\\0љ rO>[?tQ:a_\r*Z&YbDiY/91B-TC;%/w?k*e\rp?\"WVI$WF	L+)!R22;)i菼A<:\ZF&\r@\06AcEAno_[\">2SAjii?} E< RbRbICd\r7]\"ej2(7-&aܼzdM}jTLքt%\0p0\n\Z_qGq64\'Q?zɡO20+Nx8\'El$l9-\n@oT2;-;N$\'s^#GYg8*I;Y)Dh,9K4erb:Wup*筝Y@d?Ĵ~)B[cV.Z2df)~gכ{{I:K~,#|׸LS7.~f4pt*ҏ$Axip53BR@ـME$ӟ*m5%۵P\')W\r\\vUlιGw]Q8\0?YCq#/`bW\0\0xj[aWTThpʌ2q`{Y\nzC\"$pka~AʕZ2w<DBf\'\\nKGdh[#t)yKgi:C;AwW+rD`LQa\0tif-lPC\"P?.\'\"&yW Uf,K~~53R0$ /.AԖjѪŇ-q&zlhUղ<\"E4z-V%bFqRd^O#떯ZD`ޣy0S\n2F鲓B,\0Yad|9aBJ	쇵\0r3ة;kQ\'|+7	\r\n&\\^m}{K%㉗뇛& +/ޮ,\0gZvEK3S 6\0\0v&XmN@Pսmf!xh30-5\\]m7zb|cހh(1 6҈p|>T;潩 2B>?A\0e&%a]\0$*Vڣ\"7((?+F3v(56L_Gg:-}2&K N_u$\0ƪaWEŢl\"F\nߚOg#/w?D(\Z4gMv9}^uV~k޺/%.Wj\\\\B,40૕˻Vr6am~[Vͮ/2#ɋ\nΞkv)Y\0\0_}}FY%Pڭ;w+$DKϯdRW})\0#oQs̙\0<UE@Ib1BqFF}f$SV`Q%k͠~^ǪFEfRhU{\\ng?wOd\">\0\0. Vocd	VH~c`q<v}\"i?jt>c!}nҘS.).Q(0WiR+s\nz{\0µ6kqO*HzAajk-g{7\nqt\rLmt--$oȪ~UGY#AԼ@hƅDG,ls	/*!+3*香ڣmYVK(|\Z~	h%?F~\\KuPF@9g!Qa;EaHypH{YZRj5RoGR\"c6YavN n,\nAU,qk9iJŐoMsCm1|CHpxi{L7\0Y_~\"&WQZd:p[r6}pR@d!w*ЦR\raWr\n}m⦡z𰱯TV@O<јÔԝ;NT46]QN{}nAZu*}<HXS}KoVF%uvd]VTU[9N!+׳ŅsMU,2M!Bs(	szNj_DSj\0AY/>ܺ\0Ogufp\0ēr9MB{W՚Xg:MF{B*zĺcC׫vv5W2FS&VÙut{F8?Ŕ\'Zng\0Ɗ|Y}ۉ\'eX*-HO\n\"K>pAUm<5)	vC쌶Cz\0+4*uĺJ\'.?)#dz}mr1?G/:9З\rf^M\0MM͞̭zPr1	,?w䏽Teg	Q.Ҟj1`sOwl])\Z[W4=OygeU29>iO\'Yxً97ʺYMsnڡy^º#f3[	zS}%MSKįΩۚxڜ§D6%JN,\Zpz`I)^(\0<o1ڟ,D\Z[ƥ.uҏ:ֆPN\04w\'짥Bbr54o٢t*OR(/ז*<vu	@Et]iYCEгS4<rsBEwAwUki_1[ߎ1*RAnr*w/G(Ugl=S{8\0h%73͛\\x>G7Cws:)Q>ݖtFgw\rƮ Y\nWfB=\n$D8\\nH283MSB?&M߼#rB8?s:eSYzz2wN^RӕW}P&3&>]zOx-FmkW~AnDW;3Jzi\0,0ITMi]rD|d Cؽ&PZ:hݣ\"ir[<kL&gDgKkŜ}uM>1e4ߘ\0~8eF\0:,`mh|iX5T\n(2aN4?A!dBO{pgphc̢Yݒ$C\0BmT\0N05˫D&x¼en疄io\rX_p}ix>XKZuu]nV8Uq{޲ͤXbFSgOІmYA6\\,h\\~Q͕=$;!\"zdy+M_ Gԣ\' i1Xꦏi&K8q+ZeYDώԕvآ*\"	A̽VJwouG?W-d΀֢.;2y<Q[3_>2P0\\rЌ^nhSŏI8!E3:|:jԸY!99j޿1Íۘ~rN%넪W]~S8J6Y;Xr~gǽࠨ3~\'au:+:HςNl\'OJ\0QePhasKT\nW\0t\\=o!Ӯ!xt8YH\0\0ncZzw4U1&`gx[e/@;:\\G՗Pn%wVuXL¯e	C|p_\\e!(?T^^ň','2021-12-01 12:06:07'),(13388,3044,'audit/profiling','xZy8BBnÌf,ٗ&+f[%UH}˚KZD=;ٓG=|s\\̼羟羟P7	Gr9I\\(R.%%%\rG0$υDBD%\\\ZK@`d5̅Y& 	@%\\#!\Z\rR \rAz-Ւbjs{{KAI#<	Prtp-HgW|=8p{XR{=/)oFB\\\n*!ݷ!/ ICĥ@\' !{WA({Y)a\r4\rLT@\n 3G\"م#]L85\0I=U=m%eSE_tHx+<	O[_&I8#єlawi@Cmg۳0MT`;} w?Ϋ\Zf9,>H{K)h+R&J*Z\n\"cꟕ,\'~3R?ە헀9\0燃; IgIl [/H*<{/<,;,_޿:ҰO\Z\n~!vKKA\\\Z*z`v6B4%X	\\<$<}tQmB`0߃#@]$ \"\"qGBI/SUjfb-{ܼpv􈥣^^*5o\0ï<wd\'3Vzc魛lyĜϿ{!	\Z_l N@\rc_NTBa\0浒#;\0?CݜpR;\rE؝.1n޻#%BYkO.iƏ~f4LS\0MoKG%\'f7>7o}y~vp{ޛk[A#ˍ)/\'>D\0SWNax$>f>Y0\\Eq90upOIPA#LOayq/\'8?_vP- \n7a#cOg(Dl>;v>n,6L_t&G1xܫl}\07&vVX~\'-|Q:&ċґCY/@˥sᐳC$,;BsZ	Bdc !>^ޒΨQѩ팮8p)}:\Z\\:?d\n3\0ٸَswΞ\'rb+uA펚-s%%oN^{	-j\Z@dzAdE6oJ\\\re\\SpR$wL#ջ~SA˰aN)%ύC1Lto}ns\ZE4!vz#y:1wa\Z(Ҙ\'h-ՇJZGs}#[SSS`R.ia=>	\02Iʱ؏\'xҫڢ5Yw*I@MIc5g\",,Y!V?jkΞs{@Z+aՅ4;Mɛ]\r`OgnT	`dB-\0L2x~E\"$굗htHh_YU3H5pjTuu?O\0FdZ3vފA\rPsX,m_HZrʊ `\"`.e,z~YiZ--xv#PZf6銝=\0Tuh3#GEm[HU\Z\0epGKVԼ͢XR[HXؾN3m4n-аY!ju+UwMWb>J//OA\\TK	5`vlt/;g4BƔ#[>帝:]\0\'P3Y-h\0sR69z׎iZUkyl\0Wzb@.cG%b$R\\\Zpf85!t	l<ik/А4M*M\n\0\ZseKM	xQܢŝÇDht5[ \0\0)ܪ	Yq$\rjc0BJsJڧLocj*S+cڂř\"}%#1F2\ZJfv~A{Bα9=V*|W,]hmqmغ԰cs$ZQ:RCŷ-	6r]S6$ߔCQئ>*e+tX8y<vu)?Y_E@tI3~-DCkLEM;sv|L>%BK01kzcw=/\'Te\Z\0AWA\\*fХޡЦ~Ur[_K):m(F3Re%\nhּ+}gf$r9fHEF}Ce&\n|5f\'QlNMcvw\04A	ܟ{*\nͪ77/wiE1UݎKc$\r\0!45|,Vty0RNjڴ\0+Nh1D\0;G2}eݎs%_96.>V*DrEAqܤs-U^?F$܂\"]8ݎ(`f\"/xQzB)A5AP,LްiN W .B*sR!w\0?k&ՒhJ|m?\0̫\01`r`~WyNvJ#>QXɑ{}eg-effUxlڞnsu5\npBDr^гwǺcVDb9M?Qr:\r@\Z|9`aVR*1i$[?5ͩYzSTGu&Z\rz.-6ӫ:r0fk?vӢ(Oڄ۷:=[Lv&N:\0\'q\"\r46{r>>%nHJRyc.nO9\"Lٷj>PY&y=_Bb3X3>\Z5u{s3>p}\ZB<ۧD8\0=Nkn4iadҩY= -GPǨr|5ZfnLC1B후|+JZnǩI!5V1b)vǐ6Ogy3t,̓)x^ˬ\\p%MfkaC6[6l+D{*Hhc0\00*UJ9յ[]V۳c\0 ͱ=<ŶʶVOEN羱SQ?iVFîsY2T%--\"բ4np~~[\Z\" #G>O#e=zCk$\0LlkXY\'cu+QNèeWyB5k8C<LPw)uڝpl\0Xɨ^-*2p(rXu$MduMw9sh<CQ#r^g#.v{kᛱK6;uZkwgbrL̳WY)\0Q^]:Ҽ=ȉhE\'݉γoE<\Z-O9I\n3W6?ʅKdۼybVWFc0\0^a^#<QV[r\0rPl5ne:u,Bs;.%OΊIӑ%D32i,+ȴJ@c\r@D\r/f=,\"=IE\0qJ\'@}ӳ4q:Zo:r\0\\}XM[EZ/^o>QT6eRvveauޏFIr9S=WL^1:bu%oL_Dو+u\\of[K\0~a#RGevˣ]r2N̖+ޓW48l9;(U]G4+\nic8_q-뵷10;ݲ\Zr+^t8t}h\\:rhn*8S>}upipt¢l-bL^4hZّdUf;KcK\n+ܩqv5+l\"YS_Bkx{*eG3MN,}\r[eUeߏdm>&>};{:%;wj\r	\n=i(unM\"JSL-yߑՀ[)cb\06q[XH{.[Wڤ2y&3֏tMh.!\0$\Z0~wxOo$p)7\n_~dkp,]\Z^\\ab=܁g[zI~w:CH!?CHI@a\r_.y','2021-12-01 12:06:07'),(13389,3045,'audit/request','xVKsF>Pdx	p QdoRF0Ȕ do\\3${*43ũ>\n<f|uA袠,S2uᦡy$M\"8%BeMU\Zc:\'YkESzcyy }m];S|gv4qYD@Tk	ә>~pB>᪺o!澷m*Vej|C$-1D-\n9Bgx]\ZE/|:I}ʓt{\\\"hc,\\bw1v,DwpOUiZnر؅X.^ya1hQeAioNYkBml	O<iDlxP\0LpGg{ȶ`k.[ۢ&B5{	se.laud3Ifj\\Kےua*!u\rʵlXvW嬈eкzf!j@fNԥf4 ik\\V^=_epeH(MTU42y\',kY&fZ6ˤTĚ*d;AKTKB<ee\nY\Zmc[Beqϥ,/?~$o^S|HIWuW/}ZV뼌]5`<*\0mF	@Z>#\\M^b5>$(6.˒J9o8\\4҈+Ky<\\ne־Gp].>\nhs]\r4U5h䑃lIҖ5a˪<a_2<b.\0EzDm=Q/(N/X]to[\'	W7UnUN?<M˚+?a5ސͻy{Eπ풼qs!Ja؃?7RFhKJW%5M2<,}-NxE4?:r~BS5\"d}Z]Mǚ6<m(5m3@!EUɪ\0ODYz2\\>uDt(.]wBBL_2ij웞AoQˉF\'G\r߇U','2021-12-01 12:06:20'),(13390,3045,'audit/db','xUn@+FllKI:3$n1H7	&0iP<Dk\\cKM6]93PȲ$*RV+,\"m^Q&wށmӵ3swBZI*^CAO\nsG$ý)bB~լxm,E=&HUQ\n/d4Mש!YrĻ%YzL&LXRz ).$E,2G3ËtϟScf@YY4ɪ )=\Z6{uXέkkn9ug,XTᙝ>Hqf+dy*ɳXJwa;&^SW3n6 \ZuẒ_W\r۽	MԿD1ӌ\\\Z!Ǎ{53zm;.nyǝӒk:I\ZHwiI\rcs7Z+ٿ\"Il~HCz;)7Dܫ<QR<CaxO3<eY)V,a/,KUS=4iO#|@@`81!Q\"*V5pɒ\\u㪊{j\ZQW','2021-12-01 12:06:20'),(13391,3045,'audit/log','xVmo8ί@j!$RJ-wN^u:N$6/@RHb<38-:8@=hCe\r3\Z@o4xz~<z3z$qp~M.]DX_2^( bEMeMu3|{\'p#(i*V8$nMHB>\\FqrC$r7QK|m@1#5qW%X+3vYmk`&5~on:kz=619qB	S]zXiVX{kl\r{֝31oVɇ8t$h%2z-_$\\D4@<{N.q>MmYQxW\r\'Z4hqnfys0:7Ph<o!Dªlq#%{֣Yl3u9/Gk6Q{~`>xŸ\0J}./(5aJ+$C7*v^W7<DIж20mZ4Jfq8YFq)F	f-9xll,kRIC?B^4z>I$^ҕ Q%:c\nARI7*z$.YWv*%\'I_Ҁ^]ʛdG(@8sf/k:h$,#qPw&dY/)χ\0	sCVvz-~:K0;=C^-WPJ5;A7ZaB8M #nڅxw9Bwo;Ӑ34${\\5#t$A->ӒK./22?4¿UD<eۤǗl$f	QL|IcLNA<X#m{	uHPU>p4|&7DQoks\0Aa9Z$)8O y5jmkAsܠ?{JCO,!\\~q~L4GYl.\nf}|xC?ЫCR\r0R};','2021-12-01 12:06:20'),(13392,3045,'audit/profiling','xmo@).Q/(B\"fI@dVm]f^DPB\n*v,_1ŲjP\ZT2NX{Qx0CY\ZєJ +AO\\_rO-8;a,,, Y.+adiqEA4On\n(Ŀ*t*&h~ml-Ҍ;\"DD\'2,\'iӾGPWȚFdq]d<2s/+p>,`8ll|⌁,8VwjTI&41ILL$PԑkZ1m7۝N=l}l@w^y\'JѼ_$i<7\'mgT?̚NnXҐE^a5:qzI +;[sӑny۠ݍo}vF/g_l &p승[6Ч\\`X9js&/L\\`6RdO)k\\cyk\rF{!^`:u4IAi:j{\0k>z*H5z}7n<S_\"X=!mlלLOgwk(wY$9J=Uf\\\"ςs:5bt1D\0a\neaw	=#4UMA;bdInw6Jc4D]~o','2021-12-01 12:06:20'),(13393,3045,'audit/request','xVKsF>Pdx	p QdoRF0Ȕ do\\3${*43ũ>\n<f|uA袠,S2uᦡy$M\"8%BeMU\Zc:\'YkESzcyy }m];S|gv4qYD@Tk	ә>~pB>᪺o!澷m*Vej|C$-1D-\n9Bgx]\ZE/|:I}ʓt{\\\"hc,\\bw1v,DwpOUiZnر؅X.^ya1hQeAioNYkBml	O<iDlxP\0LpGg{ȶ`k.[ۢ&B5{	se.laud3Ifj\\Kےua*!u\rʵlXvW嬈eкzf!j@fNԥf4 ik\\V^=_epeH(MTU42y\',kY&fZ6ˤTĚ*d;AKTKB<ee\nY\Zmc[Beqϥ,/?~$o^S|HIWuW/}ZV뼌]5`<*\0mF	@Z>#\\M^b5>$(6.˒J9o8\\4҈+Ky<\\ne־Gp].>\nhs]\r4U5h䑃lIҖ5a˪<a_2<b.\0EzDm=Q/(N/X]to[\'	W7UnUN?<M˚+?a5ސͻy{Eπ풼qs!Ja؃?7RFhKJW%5M2<,}-NxE4?:r~BS5\"d}Z]Mǚ6<m(5m3@!EUɪ\0ODYz2\\>uDt(.]wBBL_2ij웞AoQˉF\'G\r߇U','2021-12-01 12:06:20'),(13394,3045,'audit/db','xZgTSٷ_\n.@h#5@*P$4	A\"I(iPH\"EXh\nHQ4:fɸ/ýw>}.wc``*\'TIU\\Q1?_*T3Z\ZL-@&F g+wW#b|[È	@˓LS\\1o?O$BSDP\Z*ÑqPLp1HX!)+G0] (8z1hYھ=\\坵L-,ͱ8cK\'c3krvP}}DO&8C?I~d.:::Z:NXMC>DOKMc7O2ޗIqYⰆN9m=Mpkc\'+?@,ja-&ǝAj}-HdRXc_CJI9r-=#wǱlvRJΏ~DnRI\r$WJIlj7c-@&\"\Zo/v<\"|SF(~oxJ]glcn	\0&P|}oaC}Yc\rt,@R(6F\0\nrP@1pp@N@S}Ckd\0k쾇 x}ue\01DGF\"634=v*K&ÆmM_Mjy\n7\r_[\Z6G+5	FV\"ܤv@nGģYCEKL7s.3]k$;1UX|>S8;XdgWE4n[\']`gOT3Fdxij<&\Zsu2/D	h˵/MG3,<k\'/~(u\0(<])<Ӷo .Rob0\0a-.\0	+>Q+cY:<tUz1.ў2<umڇ>fil31k\'}8ێc5f2*[!C)\'~-o -vr)}Rpks%#.$|LFXhYT|	ځ%3Ly)eV>W1n^x9BwMyS\Zangӌb:^!AuD\0XvlQ)!&|݋.l>s%HrA<$+vZ>(̗qUf[\Z0j2^&nTWkO>U\'.k	=; \n,_g=SףDo,g8p6Q~6ɢB.gX=_8}7r.p9*@WoNMNNiثL]I;w\0Ng\'їH)Fwol*{snIv7K`*\0<F.5nrgR(TiG\0etppXrd	דbƧn렩#M\'PJz&Z?BBcyٶgoed=mrƻ&)}VuTW:ƙs/ã/LПnSuv6I-j}ל] u1%wyk6GQ쐲oa|-!rɛV汷:B0|(@5d}#漖,.ERsPqW\r^6\Z\05Y~cS\0ԧn<^f<,eQZc\n)8]S3y+o[f\r:_>/fbJJCGs=˂7kAy!K\"0NȺQ`\nLUJ4eZr;]O(\"L#Ze[-12reBqUG.3h20}nքe1Q\'[,>,~~B34Q2(\nQHny6àuvìA tTy%H?|sڣn_+-B.nM\Zvv6\Z@\Z`嗵lyÃ\\ǻdUd^Hpfu7n9=2mWl3J87T[L{Ԍ(\0&?g_:\0zևF/\':iR k<qJ&_Tb9J`}bKٌO}O=0ӌӸq0pYΪ*5˾i,*qPy z%큛f=Z\\}us[+q&aW;&y׸x!-\n63jHkDl#gidhd:D`#bf_qk2(&a\'m)5˰QZ\\~TS!ᜭyaz˚9swY<v>]Ο8c\\Pz4R~IqjV\\D׳Ϫ/hL)3ӯXh4״\00\'2 HP FDj+{4j|KڶN	#kމO:F}$kG2Ii6;KeJaZ&\nOk#=Myu\0jMԭU(q5d>35DI@yE̝#{8/KB=)kjٛÏf(f5rZ9-| rZ^A|r0Ofbo$}n>Ȝtt$\r\0mjYf5Nt+6ӉO, >={7[ol&7aP0]pЭz(3RlqbaNn3r4{Ѫ`6o@YxYpʁsETik7B+vKK˿ɂdN;(Dϫ}Ɲ]|%ۗ +W%y0tEDuY-*#u )8c\\ȠHF\\|e~Gq(	8%9MBɣ_y87*ڳ\\χx҃G=)ꖫq.1pST>sB13wT::٘Ts\\Dݬb+pPCGyR%xmtPHk׼XMOTzR4^Z2kHGcx)]KM\r:Ӈ᫗reĴ2#u67nYi*:ܒN*]?vb55?3s16~Ut15˯LϴJNC7D\'%m3NlT\0mT//^NLN_G$Qƹ=scWO]5\nqO,\0Ύz\Z\"n+!݊\"dՖT=Dg<Vڱ7/k>7F5!y\r\\|<݈$\"uh6왥!4!-`vyl8AA薠& ^֨ten**^g\'q;9haS+\0E~9T{rv̟sD@?j=_6FӺeާbMۅS~}L;9Ҟ~C0ӊ!QHȎceI^JEDFR\0F	d\\O\n׽πxuh@Y$#􆻯hMWmZzwplUe\r>LUȕR/8HgFE!Kh%,q\\8*\"H\\@p\"{?	nr\0%FL^a_#ZleXI?x)YmBZpL\r,)$E8_ԥ48cU\0brAcϲ;)=I:gQ5+}GAqg*iSɔ.w{\"NadLM\'Qk&%5\0l|j*Wl\0\0i=O]MXle\'z4~|hS&߉~ &\"үľ\'`*?μ=<I[A2)z-S!	-SBJ\rK,A\'@VT-JHzc$rt){RQsQl|kjVUnl5٫e\006C\"S11(0	0m\0(8|T%kڽ#8+#Jىs8E\n˦╵-]z[Bu	yJJL!~?_®l\0\nEB 4zأ=:`أ=:`أ=:`أt_\0Eeخ!PJHHZE','2021-12-01 12:06:20'),(13395,3045,'audit/log','xXgTSY^\n,@h#5@HBEB{K	$	H)\"TFP)BS@\"X`@:JW:/|:yZ޳ϳ>g}:2TA\n,\"A!8$CAbVfv }ccHx`0bj8aC6!\07@D `H?UTPpcPdH(\nS\nEJ&X:|\\]\\uL-QhSkS+eru\')~dB\":i?IK=}=K=S=]k0d\'%c=\\0nx?8\'LHD\Z2vi?]34CH6XiW3Afl꠬Qfg\\A\Z|$A~(/F)U_J@S;跉y5@_3\rCJJ}w绂3r+$~wpvJ(\0mjgi\r:X9\n`~X71)-F\n$	\"!\"OH8Aa\n\n0YH*!aЯÁ-Fb}͕6Q̩>KG,x,C2@=H\07N_dH@-?uv>W z^G]O|\nvO؝6iTNmhcMlǏ==,w%`AA@?_eFpenWtd`\"sgqO8[tׄ$Zfh6ЅEfhkNPIf¶Xst.qe{btD\\Bg/jr?Zo,p}ds/%\0j\"\0N/w\0pW\r5	(0~xfcfKHq$NLzks°uL,WĹVpID3rގ}]e>famܜUv}Rgֳήtչz˱^0R$.^;M1ʜIͥ`\'\\^8:3\\0\0Xd0*I|㏑X{jc/پqx@cMsZ}3Mb{_x\"@{8o\0XuԸꒅd5Hd4Xyo瞎J%֏sK=PF=F׸[\rM\0ޏ\r#4l1i^<a%RJnȭ{^Z.:_.M|hcbࣣ%q\\hNw;]ե\rm9fi-GR٦K۱xMQsI`sfR\\o޾*ID\0ZS2c<FA)\08|7>z&iE^ zQ\02?F1鴨a<z0SKUǸ&ݞP:v$|Sy\reNEϗ*3~\0$h4~\"9MimƂ21cMA!_\\Jo~2[Ii\\6s:l9W)Ň&0u6HUPY@}Z0=\0id#*2/m/DJn-o@-?:X؄3SIґ]Bb|+萞Ma7vݭ}\0o2͝ҹ&ӖŦo^8ҥh6}qb^͢Q%}@kryqd<f⡄U=_%^b{2x\Z	j\r&*Sr3Cqt7Kt3Nխ1ydW5Xm:Cg#\\wXX!jO;^Qi;vyUH;̘&LRj.xkQKNs7@DOC܀\" {D#L^%pqS){lƹō-ARYLr`wgG~B:=cWfxTPK2aWMT-~zv6b\Z$^z}\"`SHLGJPڠtwB{ÀϷ0jcl\rVs+v{:D%xm 0?,1y6EIa\"-)c\0\n\0z䵴̐JExp\Z!ݑSoXA-)?ғz#k\0ENX!4@fwm(;ʼi+-0`A5uM:|ã+Y[M]	fWXۅv8yl!l0ؔn#V\Zs8<X؎kek帪,+LZlv\0bl7Rm|ptNW/ç	E!vǅR</ôҖ@T8{oQ\nN!M64i\\$_q\"zUsE~~I\'u\nSªl,QZ\Z^;:X<8jo߅3>a&׻b8?]ѵwmҜ%A\Zgc?2cMRoT^,#^$R.Qo̒IWت\'X\ZܱM9*V4@ߗ!_&7*[\\4b09NS?Xks^|ޡ!VC\"\"ohO<MfVVP>gUy~ak2C\n$FI29m1,Xօ\0-E9ߋ&;kKY၏R\0r 11W/PRS7jNP?^D]]ֽA\Z:y>}ءU?d溣)u,07=3\0tV554^N\\`@R1)°˰XGY2ẘzq\']ō\\0[c(n{3w^A_XWJySvI5\Z?ty[uNk;Oq\"4Б`KWAG-\"# l4%ZTy%ҹis6thj{=.Ez4r!Y _̈́\0-7\nq_jaۖ|aYHŻd>51gY;%CE5a>$bsTLJo׃s<N߼zI|(0pkK5N;AK#xۇ\')\"\"~`<&-}Q<ldlJ.Dĳ݌uHɃ\':\"ǞMqBOPO>t0sWWhm@\\kAz=BE7Uǚ%e~]š\Zn窱l=(ue!txg@eWt\0@uҔo1̧6r|fe-N\01ϳ*>B%@\'f9t2O}M ߚ6Zf}Rc!<qxuh)@lߓkR8=$/YZ)\r5z\Z<lK֚V\\NÞ/ug\Z<ZB\\\Z@H1*<3`!:\0ɣw<K,߅KQf#}O˪1`2 )H)ȁ}k]NBEE6inQi-IS^a`\Zgu\'@,nn LqQ8ZgԨv]=J|;ytxؠh@\\Uw&\"D E\r*\\Y9K-GOF(#>\npefǔLٺX@8r屲Hz>Q^\nH.shNou㢦+ec֧kS,	e)n4n\r#_ArteNF2@\n=)l؜.xbg\0`^E\\8	\0\\3j*Yx1H=8<康-y}l!s!mu޽26ʿC\Z1!k>,=2GC]:C:[[יEV.F(!*YħݍޅmՒ-WѪ,;\Z6e,yU\00HZ#oR葱|n~I\n\0	:ԓZ[zȴPtm@a|@ש2H?8IBꇫ\0W@UOnP(TE-44?ќ','2021-12-01 12:06:20'),(13396,3045,'audit/profiling','xZwPSٿ&#5@*P$4	A#)@@:HW@)\"%\"EXh\nH\n(]>ݷO֙{?ͽsη|9r3A`Bh@I1p4Z\rTa)?\" *H5$SEQ(<zKF#ФVB؟M\n#emhn251際ؚYMAnxy[70Txtd2~Cl (\rURH8r3FĠa[a[sHj*$\nLmHp$\nނ;$U7׵\rsrwSr57l\\Ͱn 5͝J?W\nLpSck5&)HZ[`uLK$(W?Q?߽cO/GR\\i	d_lpX׿m=wߌqfk\'[k?@l},}`M̏4;~-\ZdRX3_CJI-9rk]C}SwǱ\r7jR(F~DvR过&H比vRZ@÷M͚vo\'vv<\n|SC|oxjj]gfoe\0&P|\\n_7aK}aMlA(c-ʾM4?8S0`Э;cZLt@]@<V7\nmST\0Xd\"NC*2#Y7^x=N(o4R<C}s[AC%WӿM\0)X89/Ýqj?c{\'(((ɗ5lBl_B&2VV?;s0cDޜD^}l\Z,o!F-Urv<]X/T܎s\"To7Xc~\"wOՊu.;1pڥ||mQnL齸~!\0P	HE|h=\0ub0#NV,Bm3	N/cW2>Vr	߁dAV^\rs2r{$:9kYyjGH,\0kՕ{{#UsCڪܼ_ -\Zu6N**J$<ߣKL;\0Oy\'ٌӮ?gH|;*I/XNNX>e	=WNhGty0f|V,\0`ΥU^LBׁ+ÄYv6ϐ @(I=@CK71faոO \\(/VX\n}va\ny$z?tvB9N/\ZGRSg\\Vc$3<9tC}L}9尳NYvbwߊOb:lI@iХkc+ccc#NZu2a\0S()Q.p셒7{dU:ӌըh\0h@~߬0 c\0w)w\Z{;(qWk4	Wm>~wˑ>7ŎO_?5>TU,\rzId~nK\\ٯEfwsjJL]A=gr2s?t؎Qlk,v?]P8G\re>[\nwK:TZ>봆^iIQ=;QêVo\rB3kpCE	Ͷ)\n3G^#zd-bXK\0)CNwM[\"|*\Zgv[d/ڒm\0|N懲c_0f+\0К`aC}Oxl:9%+MIK::&ţ\\nO_znp[6<c\0y	>\'#U/ޔm\'%G[횂d xţ/ŀ)0=Ni(тF^ƷPw76Uqf=3Umi\0av,.c]-/H%.YJGLDNĒY,/h{tZq]tå\0ev$,4w!TQede\\@QA>{qUurпJ8X29*SҕC!],#{t_nsm(lg\n帺5\'nCu//Zc&S!b6CyZ|f<%r=R{+.%;}gWvn;=c?&tAQNYN_3g{EϚF	qN1҇\0 pl=;2zN%gSkӔּSYigya&X\'p+\0IÀV8}@SmvRxT\\\nHHť3r\rzoiXFZj\n?agޘ\\kH0@ 8]\\\'dn}W$%CG^&	ާ\rKZ.\0RܗPlUm׈V\"3\nbB\0-\r9JIcvd0wqv3VFL\0=pɲrRymVG@,9f0esOM`̞Վ<\0M?ED\0N{`5Y`ﬞpKmJ|_9F.GkG>WLS/_?UFD\rdR0н׻f˒!:6@KSC޲3Z\0`\"$R\0_T<eo-=*N<堀>Or[F5WP)˚\"9CD}{T`j>:8󝧃g8y]\"!}yݮ=~W>>>9rh	\0=F٤)^7S\'x@S;Y>oσiUg{4P%YGgn0.Ē|<TWNBQS>b%\'5:>\0aKE{dQeF\']Ubg4\nN-lT=oC_ Wn{\r%|8=gozH6478:.ZM(˙ݖQQ{]~yP뒰pIqGEֱC9%\0|k恵.9#g\"j?ES.)8 !<)W@9i}v\rO\n)gb\'oBϪW\'ui.([LԱӛYF_s~/F򾆃w^F:6P,3`k~OےZN\0U=@\n7e\nKZ̴O]JyZ6lW4Ewo$Jx9-LCq&b5?$n/7(؃ngK5E؎Wx^5)iUyr\njjd̊GXڛK\"#KCz.\nI_˺-\0ç |ir,%e\\O*Ԫ\Zx֕V֝zpm7E7Ӟku\0߫Z̰Ʀo,wg\n~@޾TO\"Hu Sb̓krJGe\0R8~*6Ⓓnr1sg35|cos3OA\\ao3NX\0N6Sp3^(\']F#nFB»)lsfpmyOƣhu6|F	RrYWRnxEF|F`1)\0EAy;\rI\'II|c\0RWbxT\Zdn\'\n2o<`D_Xo5(ݦum|hUqCHuB\"% 5h\03\'lp|EyHEp؟>`o.ȟ\\l[,U v隗S	kc)U<TRiU; %=1h}Z\n&F<PdJYlW>uQzS]DϼOD-.a+gNcR/=C\r;i(VyX\\5WU{2*c{Jk?\0ډP-I\0%fNU<Rj0瘑>DwoHj\\+2L|Jiz+yz%hR$\nȁL4@z=o\nO3DjK\Zh? ֠8A(u$4c$ɤ&#.tNKLh\Z-s!<e$9k[YU\\\0#L@;\n>4xBH,WqkN9M5Ū=cp\\\\ft:F9rCzn$g.Hp#lPP6t\0Aáw:`ءv:`ءv:`ءv:`JiPQmR\nZΪ@','2021-12-01 12:06:20'),(13397,3046,'audit/request','xVKF>￰|J،bC\0lP\ZZ!=OugfWrȥqw=uqԺH=|uQuSm)pSSqE:YB,5y\'Ԁ#P9U?8g>IGQ@[\'8mp\0vkhG\Z_{홏+PKs]i@{pqGq|ey@}!-\"v	\nQpaNMSHbw4Yfp@rBR$/W,.c1.Xh]2>v,DwpOY,űc,pF}dY$&.!6]<ٽ4$7Moc[N{IR@kOƉ{5\0\n3(_Ɵ!ۂ0lunl62E&XjΕ,i.ԑ-$EIaZsEC,ynK6WԅX\05(ײ]cعo\'2gA2A=Z:a.S~Zрs(qG\n*\\@vY*j		,f3-eR*bMLRQ %e%!ω2˲T]b,\\ߩ)Ѳчiuϥ?@I!%RNM=l*\"%]\\\n]\\xz8j-b8ϐ\\E:FրQMS:?==M#i0ߝhה2\\K	<8>\ZQYnA[eI7.kiqKy<\\neb־Gp].>\nhs]4V Z.W5Ak6$i0~ee8X@@60=c[϶C\'\n?KZ&E[\'w7Un2^~ӢwQgt\'5^.=]ۋh.[l\ZJ)AL$7°?4RFhR&Nǁℇ=q@VD\r L>oB׈Nµ<sF(<53Q9kۮgB<U뉬)\"uɼfxkKi?/P.p~\'jJEN=cWzf9ht^mϾי','2021-12-01 12:07:53'),(13398,3046,'audit/db','xY[oF}ϯxHtn%NB\n*d;Z)Q4LPbkJ%Rs9|7\"+4^ӏL$-߀xgr6kCw<8v9u\'ZI\";ĄFC|Y|fi\Z-:ʕ0!S@pN zyN	i_~lft]:&=O49_u<j?pjl*(Y2Jl{G)uTڗvE[vmOyǋnwm~R8Yfy\ZIVoq\Z珬q\"9oꎜW~x0\r:sO:|k^@^~N9爑9OYŞ6N呧WL\r퉥D͕9[僓B߯;0}{8V]w֭q{rYp) zH#KYOǄ)c% sBS_:p0xc;WEŷlQgQ/Swk<=׽MurEG\0\05L`:+g|\0pH\0 LKR!RRN%Eeyeڥ;GWN cĵ=	WԎ~By?F)(H`[\"<^ema	`E\r\\9TP␪@a\0\ncN>CNj_N/k8(1Gw^5{`{:EB@h\\΅o,x_y%*#n,M+\'Ub!2m2;ط6͚n0rS{\"x;PlFۃk9)s#BP%Pa?Gqn ec)2a<J#@,\"lY\'y>\r[v`RQ﫰X1*`@՚=fj|%C`aVEIF[9XfM׆LN.k9)V]\'	HBPŐpb+AH&lMQ#H +ګX\0f*b0IB~ކ\nF\0rC1BDG=XC\00o5m\0{+3nvf]X\"o5Kb&)\n:P]8 rg m\r0 b1Z0X_]\rWʥ,29>=\r)@','2021-12-01 12:07:53'),(13399,3046,'audit/log','x[oH+F~#ٹ\03Lĭ\r[T	$h\rW=`5k)93HXJ!{*VH.ᛱRJfȞw~F|xbNQ\nTVa4^\Z(Q\"{I%24b)TP/d$\Z\'\ZFǧD6&\\]ܯ*K[t~yEDCm)\Z&_\0Iקuuqp(9\"iFsgOX\'u<f?p\"C!SVEdUP#%jo^Ҭc̾g3:-BݨBeUtTwlw?ZDE\ZŝJguؚF{};v^haY\ZN<h޻:|k^hl}ϝ0أb!9ߣlQy\\/~Ƚѕ=:ɾzYx}͍WQG\ZYoUGFi\ZչRcN:2:v7v<{#]ซ|UAa\r[U.+BEc5\ZojUߖyߡh2?(=1AJ̥{+JuI1Xʛ\nChPZiG_:A6WǇ!xPLk[F|u[2?eLBI盞!~_%P[9z&#&ּFa^;ԀVLPA(\Z=k3fYs\rhfO!SP6B.4MMdFt%<AC{u;`݁:6=fw7&m\r֠c札3I3dyz]DC`zj6X#DbLl*6:5GՠE[\Zf){OԊyU4pE:X]ׅJ!H{k(t*pa8pWj\\P','2021-12-01 12:07:53'),(13400,3046,'audit/profiling','xO6WXR88vP?wڲӤF4@}SF\ZMZ%OB8394Nu8qm|8s*4nF>LfsB6Wf:CPAΖߘf98Kkp|y23M>+;Iga~ty]fa\Z.*&$9TprUL}|.uWtr 5H\\\'RP):dyxLKh![I&`\"S-2#QLDo|6\nN.}/cp2\Z GIK>XU$QiEcWn``\"D\r56&21ɮ3ٶر ? \r&=A >+0J_6_Y\Z};O3ȑw⍼A;\'Q߫)⫸iexyw*\'U^26yIBM_ߟ.Ba@3fv݉d7%zc0P>,S_0{杻F[/Oao|=~yBipUT<4jY;u@Sյ\ZڦE:6\rgJMGdBz!$c7{	:.oE>/+ǖϜ~\Z7yL8,(ovW]9/_n0jvSb	Oh;l/rwT$%PbER[$c+TcdT0%]R*	89~KWԎ8W\'U};FQ06F\n,_,oRk(J	٤rL	yAA	LPªBGb\'oÞ\\u{r}XÄ 0e)BMm쭍=	7{úBKMIl9czUe۪yW{0&ofٴr2#TqxeGroY{1Aw˸ƊBFFc6ԜվT0(RMwbXN{X|G	ac0FV:i%(41yuX$\'y9Ҋ\"T4aQQWXogX16	#`A_\rC̚{?aL«XK%#h},n.GE\\kr}>ϣmް[QDLw\"Pň\nKr+HFXo*,ڼz/H߇wCcmhkaj*(!Ĕel/`^j=	ĐYҶ΅ӺؕrSSѼЇ#++dYP&,KZ2^ix\'V4 !Ɗ%j9QpY6mxdћ_G','2021-12-01 12:07:53'),(13401,3047,'audit/request','xVKF>￰|J،bC\0lP\ZZa{f3aLVrȥqw=ꫯuqԺH=uQuSm)pSSqEHݬNIumPY]ǚRYqj(Jp_ܜ*\n3Uɋ#(=pU6Uq8{54#]o\r]˯~dQKs]>\"=%MA$8;GH\n\'.2;-,%g)D-\nX\0s4ŏ9vi4`	.Γ#G!$9O=qŒ\"+?Fc%c~Al7kBtS[-\\;PzX9Y	Kks#tMW,m\"Odv/M\rsbؖx$<t8q𧺂R$ʇl/菐m\\:EM6Ӆ\"kT,U5\\4Ȗg\"$0!<%[+T,C\0k:(ײ]csw8Oqe8+֝!I}C5t(0\\.uSCl(\ZXh\nWr.KUEM3!w\"eleLJEI*BLD D9QfYt?Ql!;5tY6!-g|?5I`=令>TJթiME+BOGELbPU^Sad\r\n4e19O)DZBN/i0_(r*K*yp\\K#xw \\ϻÕ{v]&^Mo{p룀6׵^_As`2xRfC३8H8G\\V	[Ɉ +v!Pd;롷\rLDֳEO5oZmno@xݢ<9Ϙ>ڬ~Zw:]xˏ:+?aIJt~^GRq]Ȕ\0|#F́RI8QZ?8a&vO#{k|C3ph+2}?SM\Zީ@gnhŁfOb~ߢ0#gbPHuQg*(:+lzm)q?:\'%vrDOtOքZM]2iw7jқAPˉFE','2021-12-01 12:08:39'),(13402,3047,'audit/db','xZNHSX	Hň`JڐJԻuTZ@B8*(dr9s׉q4d >Wt0;\'wYZf;nN~8^LAcW$߾t<=+ӓ},q,${i\\oWE9L\Za&ɑ1yLRԺ[\ZZ鶫f׬}4L0N$Gf9GqvЬGnF07&>DYao\ZG/]rnշ,q!4Nd1\ZuFvѝbAM޼gkg鵚9kڭ6Za~!w;LQxMcSv)wM{S;	NNd_?nchֻya[N]{k)^[7C2\\n+ʈCy\n3+OmQFy*dУB+<楇1H/wΦ`ƮᒓioM?C i4zWgA۩|?OgY(\r=RkMC0yˌ>G\0ZDХEc0VzX\Z,T//*zǭvP$퀡XWZHBԒ/BpJ,1b!\'t8LUY{\0HHLr@4\0Z	\"@/FběHSFkE=o$r:3#h6GubBiBy>7\0K$Vؕ@8 e$Iw!%?Xv\r^As@Yի7kzWpVQV,0\"R}9A!bOD=@(u`D9-\\F0 1@(~	#2.10$avn)I҄Qx0&raVT>aւqoUVT=iPSN1bu+7ݩgܚN?I:> y5Ka8]4{?a0/4Hؼ~=RD4wg$G-{y/K&I-/xy)k/B+Lw@Qx!yE\"LuA5/ly)i/.^ \nΎ-\\\Z\n,❏dB=\0%X\"#9L+%%j<CqlJs3BF7$l$TC2ɟ;кRRH &MI7qH	1JxNeg8)`҂\rB)9E#@9t(kZAE:0|t ̬b~VSN>QbM(i!b	q+|܅%}1F$pM\"J MfwF7\nJ^djV5 	⼈9 A~]ei;ʐUބQً))ȑВbz׮p$[C7d)k8ZQ:	mpC.^\r$4KXQ\\;be! b\n#ȋ8ג8U+\0F	\'6듫Vn\'UW.8ߎ΍V`8qt#)䡂2D4C])IK0C)WjwxU%~8s6eoQaF:','2021-12-01 12:08:39'),(13403,3047,'audit/log','xXn6SqD\'([lgŀ#:Kje9hZ{JJbLYS\rP|<㡤G/K:Z.ZvG-KacLOƯph\'SUsU9L<>QuM|bRŕc09.ޗ<s-Z[^$PY](ʳLEegJ޻|Y\"a|T50=	5!-Whbm`g;?UxǣlF?\rBOQ,B&Y9אbf8~p4χژBU\"KyPޘrm;uL$ۼHfoީTޙ\ric/\nw^{ƾ\n~p6_4 4L4Uwf^_WMd~6Z}`F:	ƚ^{=%OS߈0>CKWSOPGΝC5n2vN+E!lǥ<w=dq[`|UB밆)<U<ֿD=?<h6T\n\"qwuÁn(0Az=0꓊`~~Rڕ9JN3t<y6\'A`q\\aM2W\n\nom-Cǫ̷/4	i\ri/)?)7	*l̈A(04\n9w971Ąf\ZQF`*Vp l6FIp\n#٬bشfsFL\\[T;$O@&0EUc߼mPȢ>r0}\nw6K\ZE24vM#j\rv(\\߭$R.b{bha,6\"/\"PJJb.B..|1#-\\[U@@#&ZZEZh]8;ءUZjpha?̢avk&61BS(XfF\\ma.ɦ[UIdK^.2,hYC۳!͍̭[m6>3~?6*E ߦ)aK0U=!6JU\\]ROxڼ*n*]5v>wKyןY(HeRpcCK\\8T+&nl^\'`dOƍ%xd7ԉKLFmob[|{eM)HH# b\Z`U@cs08빚y<|3/,@zۺ\\lT(:l^_\r\\\Z','2021-12-01 12:08:39'),(13404,3047,'audit/profiling','x[NHSX	H#~iCJV+UJLR&v8m \n\n8qfg3wm\nwsN|s/rPJI7uEps/p.TqgT0|L?\r{˔\r;a h!Q|tFI,JbיO?ݏ4ۏ04J^ppW!F%<n2m)ŀ\nıإiL<dv܌ȱ4Ӽ0/ZTLȂ\nd6^w9ǭ贎=9r,Jχs&?\\,,1&&?.隩a[0ItIc,絼FÁߣpw{n#o{}~gÝf:ǳIlinx~e˛듆4Ga0qx[>(X`:Nzkp=^9hl%^U	t:Vkޯ:~~!w[9mcS=!M;xխ.s^w>,?\r(,jz4U=ْeĢ<Ε[+o{WQlʃ(yak{^\0E&5\\r\r&a1	̙Q\ZY?cl>D_Y\Z6N\Z9DL^ `\"}VN3\0mJq;p#r\'=L.HD@DBTbb+v^U{\ZZu,0MñT`QHsNIAX:A4	f,Y&\nn\0	\\ʀ*JXQPEOL֞xIO|Ul/Np\'UVZuwX(mQC(A#c%+lKE0 U$ICJbUNV:qΠnt#>^\"mKE!Z)%UL\"	L\"\"	(B$FfD@È2Mg@FǊ0QZ[piҲ4a!؎(8hBT>Q2[/UةzlPpSV1R-VnQϸ6a-dr5QDy7g8I>O\0Eʷ#?O42xǩGaN:QO)apĻ|ǡpruҺHRҼT;J\\֌,{xp8E\"L-uA%/lyh/}x/ovl!\\?/PWdǣ\n*%#\nP3rs7RRJSTTL,0;#䯥jmQ&7SdZUJ*\Z	݄))&N)F	)9%dCG0h2\"UP!D*G\"7o=pu6B1~I\nVcV>QbEh!|	%;_Ȼƈ,LO´O~;g_x| GH-WҲq;A>G\ZU ϴ-Y5\rq#)|>aY?q镝0	GRǰƵ\rY}n\ZV۲ !ubvų3ˍX! b\nEz+GEPKiuZe+\0F	+ŋmď\'*NuWQqB\Z`S9n<he\0Y]\nʐ6v`m7,\\WUKs,\Zqf6e\0,y','2021-12-01 12:08:39'),(13405,3048,'audit/request','xVoFS+ˀMt6pr\"5,:b(`\'.`;\"U}ؙfXKk8+p@\rg>nZL&ׅkב4\n5Uyh;!&|Q┞\'m^Fy~ eQ{34G_ݙkȢ>w؟oy5IC%8;G\'o{/&/YKX[(n\n\"=sLǋhI\'yfApQB	@ g!{d.]eW^m5\ZeYphD6<B&DfҔ0W(6m9\'mcHמj\0ljGfP=T}dKEl°չ-j!Ș.Y`9W(PG<i&i\r^-\\QbX[A\Zp+~<qU9#ZwV,$U\rџF2uÊd7muY̱IQ)]fB&De-ˤLfXTTl\'HsIj@s̲,wW:B>KW\rxlKhlSZ}s)9,/|?5I`-]Kw*4æ&R`UsQkSƱX\0ptpqUY>m<4rLS\na;No(ep5yq|77(\n(6ʒJ)o8\\=7҈+Kyyroݾ}6]n}*hY5l;ْ-k(UyV2<Ŋ]zm3l;DQp:znb\Z7-6F nQN\'L_nV?߈VYx.<M˚ѕ07~%tf^GeRq3_))/\0Fn#4ϔR&IǁBq	\Z\\Gg:+g1#Z߄!\nkyv6Qxkf($-\n8r(]\0TUy&2\'SMSgkm6z])q?:%~;֥ƺzwuBtI/QtECv5MW}(D#iw','2021-12-01 12:09:04'),(13406,3048,'audit/db','xYNF)]:\rRBRUb{Ykc[u	m_3lɐU}y~t.ᴒhe,ppΖfNk|5`]L};Oocb4`,JootZq1͒$HCcj$>ȰPO)ܦg÷QW2(;ӗ\r0٬&04`\ZĹ{ɑ%_?x2r{lx-\"ⴘA3*I\r#Gޅ7]|6q{sSG<\ngEpvrcGS\'Agl9%r۟=כG{g^{0k\n5h,׮;qKV8ޱDol\rMG%OgT>^y7[O.ao}~~ݎR2:>)b\ZuHzӜ:V{çk5]O@뉃\\z;]nֳ)7fB(׃` Ē2VTx\niʰbD,TQPDb:nUȂjw=\0!zlv<h.bDQ [cD:MSo2E&p.3\"XZ\Zh$u|oAؼ;y=ZQ`0eCZ2RwU\ZA(&հEAa1.MV`\r\n,m,#\Z]I!-/rŭv%aAFsuX@;߿_07TH/B҅;s~%+kF3FTv%7u0+)TYZ_OXt2ݑw#=C(,*֪coȩg.$eX\Z/Rh8F?̰4<M\',Pٸ\Z<e[◟J#lJ0`K}=XDXL`A`@ÑJ)蓶>cI6eflYxA6ȗŃRX+@\0Lꨤy@wwycUHb8i_#doҠlPr`oK5E\\ff=u\0&|ojX3Prگ~/ߚGhcSEJ(NubOe\0R=<>U\\dP@$H#	(K+͛`EqIZZRQ\'b$\'S\\0F5!^ӊ)QVsA(*ZNk+ϝGq\nr;3mYId,	bZt0 `	Mghj	C{RW/r+bX[(#ov@1','2021-12-01 12:09:04'),(13407,3048,'audit/log','xW]OH}WZe\r$*NZĆZvV?vf\r+\n\n	;ܹ;1ki]i=893nOCͱ-S0˙?QM&L\'E	;jpeՇqqpeVr!>I841æA	<`Hq\r.?Hirr\'= iXE,8o/QV)UV$Yq>[x9Ĉ[6%bزDw@D8\Z^;oz̍HЩ*Ί&7]6/4+;w{\Z.wSeSWi4	xI_~e˼.\'⪬XF/<~p8t~\'3s!aS_}\\o_p1	\'N_p_u\\y0pgWCc8x!Hbqq6env:O}i<وʳەMKwUn2ŖuiLuMDGwgtp8nm)dӉ|Co!zk@\07lnыf2IbODy:DmHiw;9BU627`!Â1Ca`kƶȒ8QN{Ր0fPZ4a~6Mل;UR.W~XS~6ԙڐu١Lb!t΁c0Y.pLTEgAEGQW\n9P-jQ$`\nDg=: 1nE$85M*ñ:,pwjGcϣS;25eSgܔi2۔Urto4(5 !O 4@~~OK&5,v?ȧYS)\n7jHL^	DY{\Z/\rj0  rvH}YP|$mћtlƔ2ЎnVO&n:UYuYKFdRYϡJ.jV[EhUuo=Qmh$%Z3$}2Ӽn<Fgg!ĉAX_*Ce1^','2021-12-01 12:09:04'),(13408,3048,'audit/profiling','xZnHS 8g uHc|jJ\Z^5b{/3@7\rdʉ9Չ(I:g\"V\'s[qB`A\0B26:gEYΖzF [L8Xa[Ft}\\Y,A{i,3&`K	?8*V.7o+ZH.dX`(Hd|ZTH!W,Մ\ZB\\\rd#\n2لW7|84z45.&k~/$$@E^[uPIuӃ!58fob\\Z:ّ!˵{ǣlbFȾv\\Þ\Z{^[E}SZGfĹp&Ψ/f1\'\ri/{7`-7o~T8%i)+[dA=,7i=y<=2}YP0|\\˵o5zFk?+Xb05FʦŪQ\'Œ\'j#*k[˥\'L-.~|ݞ{R^t\rJKэ:z iN=SZƵ\' 뉃\\z;]i3)׹r=6}B{ԙ)q=K:[(\'f^=;S.UF?|	K\0\r,`Z\0vOvnS\0tL1h(U1Q}mMSiHErfx.G\"D\\9SiiexB4.;%+ɰZ);q{T/_T,4\nCqZ* oAhPdnj`aʃ4kiYCZ>eZծ\\2,h?Bp8Mk暊eC$V\\ት#i*S7@Ӹ:L(*)Tbu̙Fcx1\'εl-,MTǞ^#SY?1]*\\H˰\n0o\ZJ4KjN\Z\\`?̰\nxNXq4,y!z[?mC6F`4ɷ\n)#{:+0豈ә-y>t8R2-Ea&-#Y$d_*M(Qm-;:cٱ3W\Z\rՁ:&Tꨥy@ikUHb8w845Ai9ЇaVy{=P\0L842jg`>_	:\\ߊGjUDL=TJ!dM}@\'і4EbW\0:+Њ`%Xei2y{Lݹb4XML2Ei֊t9rA\n_1j%ELx>~׶\"Kj@ͽUBmhPʳ\nWlՙrnsgVBh=u\\`iE}r{hFջÀւ%ԝ;8KSȭbMo;','2021-12-01 12:09:04');
/*!40000 ALTER TABLE `audit_data` ENABLE KEYS */;
UNLOCK TABLES;

--
-- Table structure for table `audit_entry`
--

DROP TABLE IF EXISTS `audit_entry`;
/*!40101 SET @saved_cs_client     = @@character_set_client */;
/*!40101 SET character_set_client = utf8 */;
CREATE TABLE `audit_entry` (
  `id` int(11) NOT NULL AUTO_INCREMENT,
  `created` datetime NOT NULL,
  `user_id` int(11) DEFAULT 0,
  `duration` float DEFAULT NULL,
  `ip` varchar(45) DEFAULT NULL,
  `request_method` varchar(16) DEFAULT NULL,
  `ajax` int(1) NOT NULL DEFAULT 0,
  `route` varchar(255) DEFAULT NULL,
  `memory_max` int(11) DEFAULT NULL,
  PRIMARY KEY (`id`),
  KEY `idx_user_id` (`user_id`),
  KEY `idx_route` (`route`)
) ENGINE=InnoDB AUTO_INCREMENT=3049 DEFAULT CHARSET=utf8;
/*!40101 SET character_set_client = @saved_cs_client */;

--
-- Dumping data for table `audit_entry`
--

LOCK TABLES `audit_entry` WRITE;
/*!40000 ALTER TABLE `audit_entry` DISABLE KEYS */;
INSERT INTO `audit_entry` VALUES (3043,'2021-12-01 12:04:55',0,5.41381,NULL,'CLI',0,'fixture/unload',2730864),(3044,'2021-12-01 12:06:07',0,NULL,NULL,'CLI',0,'fixture/unload',NULL),(3045,'2021-12-01 12:06:20',0,NULL,NULL,'CLI',0,'fixture/unload',NULL),(3046,'2021-12-01 12:07:50',0,2.8155,NULL,'CLI',0,'fixture/load',2688872),(3047,'2021-12-01 12:08:36',0,3.50593,NULL,'CLI',0,'fixture/load',2688872),(3048,'2021-12-01 12:09:01',0,3.22178,NULL,'CLI',0,'fixture/load',2688872);
/*!40000 ALTER TABLE `audit_entry` ENABLE KEYS */;
UNLOCK TABLES;

--
-- Table structure for table `audit_error`
--

DROP TABLE IF EXISTS `audit_error`;
/*!40101 SET @saved_cs_client     = @@character_set_client */;
/*!40101 SET character_set_client = utf8 */;
CREATE TABLE `audit_error` (
  `id` int(11) NOT NULL AUTO_INCREMENT,
  `entry_id` int(11) NOT NULL,
  `created` datetime NOT NULL,
  `message` text NOT NULL,
  `code` int(11) DEFAULT 0,
  `file` varchar(512) DEFAULT NULL,
  `line` int(11) DEFAULT NULL,
  `trace` blob DEFAULT NULL,
  `hash` varchar(32) DEFAULT NULL,
  `emailed` tinyint(1) NOT NULL DEFAULT 0,
  PRIMARY KEY (`id`),
  KEY `fk_audit_error_entry_id` (`entry_id`),
  KEY `idx_file` (`file`(180)),
  KEY `idx_emailed` (`emailed`),
  CONSTRAINT `fk_audit_error_entry_id` FOREIGN KEY (`entry_id`) REFERENCES `audit_entry` (`id`)
) ENGINE=InnoDB DEFAULT CHARSET=utf8;
/*!40101 SET character_set_client = @saved_cs_client */;

--
-- Dumping data for table `audit_error`
--

LOCK TABLES `audit_error` WRITE;
/*!40000 ALTER TABLE `audit_error` DISABLE KEYS */;
/*!40000 ALTER TABLE `audit_error` ENABLE KEYS */;
UNLOCK TABLES;

--
-- Table structure for table `audit_javascript`
--

DROP TABLE IF EXISTS `audit_javascript`;
/*!40101 SET @saved_cs_client     = @@character_set_client */;
/*!40101 SET character_set_client = utf8 */;
CREATE TABLE `audit_javascript` (
  `id` int(11) NOT NULL AUTO_INCREMENT,
  `entry_id` int(11) NOT NULL,
  `created` datetime NOT NULL,
  `type` varchar(20) NOT NULL,
  `message` text NOT NULL,
  `origin` varchar(512) DEFAULT NULL,
  `data` blob DEFAULT NULL,
  PRIMARY KEY (`id`),
  KEY `fk_audit_javascript_entry_id` (`entry_id`),
  CONSTRAINT `fk_audit_javascript_entry_id` FOREIGN KEY (`entry_id`) REFERENCES `audit_entry` (`id`)
) ENGINE=InnoDB DEFAULT CHARSET=utf8;
/*!40101 SET character_set_client = @saved_cs_client */;

--
-- Dumping data for table `audit_javascript`
--

LOCK TABLES `audit_javascript` WRITE;
/*!40000 ALTER TABLE `audit_javascript` DISABLE KEYS */;
/*!40000 ALTER TABLE `audit_javascript` ENABLE KEYS */;
UNLOCK TABLES;

--
-- Table structure for table `audit_mail`
--

DROP TABLE IF EXISTS `audit_mail`;
/*!40101 SET @saved_cs_client     = @@character_set_client */;
/*!40101 SET character_set_client = utf8 */;
CREATE TABLE `audit_mail` (
  `id` int(11) NOT NULL AUTO_INCREMENT,
  `entry_id` int(11) NOT NULL,
  `created` datetime NOT NULL,
  `successful` int(11) NOT NULL,
  `from` varchar(255) DEFAULT NULL,
  `to` varchar(255) DEFAULT NULL,
  `reply` varchar(255) DEFAULT NULL,
  `cc` varchar(255) DEFAULT NULL,
  `bcc` varchar(255) DEFAULT NULL,
  `subject` varchar(255) DEFAULT NULL,
  `text` blob DEFAULT NULL,
  `html` blob DEFAULT NULL,
  `data` longblob DEFAULT NULL,
  PRIMARY KEY (`id`),
  KEY `fk_audit_mail_entry_id` (`entry_id`),
  CONSTRAINT `fk_audit_mail_entry_id` FOREIGN KEY (`entry_id`) REFERENCES `audit_entry` (`id`)
) ENGINE=InnoDB AUTO_INCREMENT=9 DEFAULT CHARSET=utf8;
/*!40101 SET character_set_client = @saved_cs_client */;

--
-- Dumping data for table `audit_mail`
--

LOCK TABLES `audit_mail` WRITE;
/*!40000 ALTER TABLE `audit_mail` DISABLE KEYS */;
/*!40000 ALTER TABLE `audit_mail` ENABLE KEYS */;
UNLOCK TABLES;

--
-- Table structure for table `audit_trail`
--

DROP TABLE IF EXISTS `audit_trail`;
/*!40101 SET @saved_cs_client     = @@character_set_client */;
/*!40101 SET character_set_client = utf8 */;
CREATE TABLE `audit_trail` (
  `id` int(11) NOT NULL AUTO_INCREMENT,
  `entry_id` int(11) DEFAULT NULL,
  `user_id` int(11) DEFAULT NULL,
  `action` varchar(255) NOT NULL,
  `model` varchar(255) NOT NULL,
  `model_id` varchar(255) NOT NULL,
  `field` varchar(255) DEFAULT NULL,
  `old_value` text DEFAULT NULL,
  `new_value` text DEFAULT NULL,
  `created` datetime NOT NULL,
  PRIMARY KEY (`id`),
  KEY `fk_audit_trail_entry_id` (`entry_id`),
  KEY `idx_audit_user_id` (`user_id`),
  KEY `idx_audit_trail_field` (`model`,`model_id`,`field`),
  KEY `idx_audit_trail_action` (`action`),
  CONSTRAINT `fk_audit_trail_entry_id` FOREIGN KEY (`entry_id`) REFERENCES `audit_entry` (`id`)
) ENGINE=InnoDB AUTO_INCREMENT=61 DEFAULT CHARSET=utf8;
/*!40101 SET character_set_client = @saved_cs_client */;

--
-- Dumping data for table `audit_trail`
--

LOCK TABLES `audit_trail` WRITE;
/*!40000 ALTER TABLE `audit_trail` DISABLE KEYS */;
/*!40000 ALTER TABLE `audit_trail` ENABLE KEYS */;
UNLOCK TABLES;

--
-- Table structure for table `auth_assignment`
--

DROP TABLE IF EXISTS `auth_assignment`;
/*!40101 SET @saved_cs_client     = @@character_set_client */;
/*!40101 SET character_set_client = utf8 */;
CREATE TABLE `auth_assignment` (
  `item_name` varchar(64) COLLATE utf8_unicode_ci NOT NULL,
  `user_id` varchar(64) COLLATE utf8_unicode_ci NOT NULL,
  `created_at` int(11) DEFAULT NULL,
  PRIMARY KEY (`item_name`,`user_id`),
  KEY `idx-auth_assignment-user_id` (`user_id`),
  CONSTRAINT `auth_assignment_ibfk_1` FOREIGN KEY (`item_name`) REFERENCES `auth_item` (`name`) ON DELETE CASCADE ON UPDATE CASCADE
) ENGINE=InnoDB DEFAULT CHARSET=utf8 COLLATE=utf8_unicode_ci;
/*!40101 SET character_set_client = @saved_cs_client */;

--
-- Dumping data for table `auth_assignment`
--

LOCK TABLES `auth_assignment` WRITE;
/*!40000 ALTER TABLE `auth_assignment` DISABLE KEYS */;
INSERT INTO `auth_assignment` VALUES ('admin','1',NULL),('comprobante_aprobar','1',NULL),('comprobante_crear','1',NULL),('comprobante_modificar','1',NULL),('defectuoso_set','1',NULL),('defectuoso_set','8',1637333840),('egreso_alta','1',NULL),('producto_crear','1',NULL),('producto_faltante_set','1',NULL),('usuario','8',1637333329);
/*!40000 ALTER TABLE `auth_assignment` ENABLE KEYS */;
UNLOCK TABLES;

--
-- Table structure for table `auth_item`
--

DROP TABLE IF EXISTS `auth_item`;
/*!40101 SET @saved_cs_client     = @@character_set_client */;
/*!40101 SET character_set_client = utf8 */;
CREATE TABLE `auth_item` (
  `name` varchar(64) COLLATE utf8_unicode_ci NOT NULL,
  `type` smallint(6) NOT NULL,
  `description` text COLLATE utf8_unicode_ci DEFAULT NULL,
  `rule_name` varchar(64) COLLATE utf8_unicode_ci DEFAULT NULL,
  `data` blob DEFAULT NULL,
  `created_at` int(11) DEFAULT NULL,
  `updated_at` int(11) DEFAULT NULL,
  PRIMARY KEY (`name`),
  KEY `rule_name` (`rule_name`),
  KEY `idx-auth_item-type` (`type`),
  CONSTRAINT `auth_item_ibfk_1` FOREIGN KEY (`rule_name`) REFERENCES `auth_rule` (`name`) ON DELETE SET NULL ON UPDATE CASCADE
) ENGINE=InnoDB DEFAULT CHARSET=utf8 COLLATE=utf8_unicode_ci;
/*!40101 SET character_set_client = @saved_cs_client */;

--
-- Dumping data for table `auth_item`
--

LOCK TABLES `auth_item` WRITE;
/*!40000 ALTER TABLE `auth_item` DISABLE KEYS */;
INSERT INTO `auth_item` VALUES ('admin',1,'Encargado de gestionar todo el sistema',NULL,NULL,1637065969,NULL),('comprobante_aprobar',2,'Aprueba los comprobantes',NULL,NULL,NULL,NULL),('comprobante_crear',2,'Realiza alta de comprobantes',NULL,NULL,NULL,NULL),('comprobante_modificar',2,'Se encarga de modificar los comprobantes con sus productos',NULL,NULL,NULL,NULL),('defectuoso_set',2,'Este permiso nos permite setear items defectusos en el inventario',NULL,NULL,NULL,NULL),('egreso_alta',2,'Realiza alta de egresos',NULL,NULL,NULL,NULL),('producto_crear',2,'Permite crear productos',NULL,NULL,NULL,NULL),('producto_faltante_set',2,'Se encarga de registrar productos faltantes en comprobante de ingresos de productos',NULL,NULL,NULL,NULL),('soporte',1,'Encargado de gestionar los usuarios y permisos de los mismos',NULL,NULL,1637065969,NULL),('usuario',1,'Encargado de usar la aplicacion como herramienta',NULL,NULL,1637065969,NULL);
/*!40000 ALTER TABLE `auth_item` ENABLE KEYS */;
UNLOCK TABLES;

--
-- Table structure for table `auth_item_child`
--

DROP TABLE IF EXISTS `auth_item_child`;
/*!40101 SET @saved_cs_client     = @@character_set_client */;
/*!40101 SET character_set_client = utf8 */;
CREATE TABLE `auth_item_child` (
  `parent` varchar(64) COLLATE utf8_unicode_ci NOT NULL,
  `child` varchar(64) COLLATE utf8_unicode_ci NOT NULL,
  PRIMARY KEY (`parent`,`child`),
  KEY `child` (`child`),
  CONSTRAINT `auth_item_child_ibfk_1` FOREIGN KEY (`parent`) REFERENCES `auth_item` (`name`) ON DELETE CASCADE ON UPDATE CASCADE,
  CONSTRAINT `auth_item_child_ibfk_2` FOREIGN KEY (`child`) REFERENCES `auth_item` (`name`) ON DELETE CASCADE ON UPDATE CASCADE
) ENGINE=InnoDB DEFAULT CHARSET=utf8 COLLATE=utf8_unicode_ci;
/*!40101 SET character_set_client = @saved_cs_client */;

--
-- Dumping data for table `auth_item_child`
--

LOCK TABLES `auth_item_child` WRITE;
/*!40000 ALTER TABLE `auth_item_child` DISABLE KEYS */;
INSERT INTO `auth_item_child` VALUES ('admin','soporte'),('admin','usuario');
/*!40000 ALTER TABLE `auth_item_child` ENABLE KEYS */;
UNLOCK TABLES;

--
-- Table structure for table `auth_rule`
--

DROP TABLE IF EXISTS `auth_rule`;
/*!40101 SET @saved_cs_client     = @@character_set_client */;
/*!40101 SET character_set_client = utf8 */;
CREATE TABLE `auth_rule` (
  `name` varchar(64) COLLATE utf8_unicode_ci NOT NULL,
  `data` blob DEFAULT NULL,
  `created_at` int(11) DEFAULT NULL,
  `updated_at` int(11) DEFAULT NULL,
  PRIMARY KEY (`name`)
) ENGINE=InnoDB DEFAULT CHARSET=utf8 COLLATE=utf8_unicode_ci;
/*!40101 SET character_set_client = @saved_cs_client */;

--
-- Dumping data for table `auth_rule`
--

LOCK TABLES `auth_rule` WRITE;
/*!40000 ALTER TABLE `auth_rule` DISABLE KEYS */;
/*!40000 ALTER TABLE `auth_rule` ENABLE KEYS */;
UNLOCK TABLES;

--
-- Table structure for table `categoria`
--

DROP TABLE IF EXISTS `categoria`;
/*!40101 SET @saved_cs_client     = @@character_set_client */;
/*!40101 SET character_set_client = utf8 */;
CREATE TABLE `categoria` (
  `id` int(11) NOT NULL AUTO_INCREMENT,
  `nombre` varchar(100) NOT NULL,
  PRIMARY KEY (`id`)
) ENGINE=InnoDB AUTO_INCREMENT=4 DEFAULT CHARSET=utf8;
/*!40101 SET character_set_client = @saved_cs_client */;

--
-- Dumping data for table `categoria`
--

LOCK TABLES `categoria` WRITE;
/*!40000 ALTER TABLE `categoria` DISABLE KEYS */;
INSERT INTO `categoria` VALUES (1,'Alimento'),(2,'Limpieza'),(3,'Otro');
/*!40000 ALTER TABLE `categoria` ENABLE KEYS */;
UNLOCK TABLES;

--
-- Table structure for table `comprobante`
--

DROP TABLE IF EXISTS `comprobante`;
/*!40101 SET @saved_cs_client     = @@character_set_client */;
/*!40101 SET character_set_client = utf8 */;
CREATE TABLE `comprobante` (
  `id` int(11) NOT NULL AUTO_INCREMENT,
  `nro_remito` varchar(45) NOT NULL,
  `fecha_emision` date NOT NULL COMMENT 'fecha que se emite el comprobate\n',
  `total` double DEFAULT NULL,
  `proveedorid` int(11) DEFAULT NULL,
  `descripcion` text DEFAULT NULL,
  `create_at` timestamp NOT NULL DEFAULT current_timestamp(),
  `approved_at` datetime DEFAULT NULL,
  PRIMARY KEY (`id`),
  UNIQUE KEY `nro_remito_UNIQUE` (`nro_remito`),
  KEY `fk_comprobante_proveedor1_idx` (`proveedorid`),
  CONSTRAINT `fk_comprobante_proveedor1` FOREIGN KEY (`proveedorid`) REFERENCES `proveedor` (`id`) ON DELETE NO ACTION ON UPDATE NO ACTION
) ENGINE=InnoDB DEFAULT CHARSET=utf8;
/*!40101 SET character_set_client = @saved_cs_client */;

--
-- Dumping data for table `comprobante`
--

LOCK TABLES `comprobante` WRITE;
/*!40000 ALTER TABLE `comprobante` DISABLE KEYS */;
/*!40000 ALTER TABLE `comprobante` ENABLE KEYS */;
UNLOCK TABLES;

--
-- Table structure for table `deposito`
--

DROP TABLE IF EXISTS `deposito`;
/*!40101 SET @saved_cs_client     = @@character_set_client */;
/*!40101 SET character_set_client = utf8 */;
CREATE TABLE `deposito` (
  `id` int(11) NOT NULL AUTO_INCREMENT,
  `nombre` varchar(100) NOT NULL,
  `lugarid` int(11) DEFAULT NULL,
  PRIMARY KEY (`id`)
) ENGINE=InnoDB DEFAULT CHARSET=utf8;
/*!40101 SET character_set_client = @saved_cs_client */;

--
-- Dumping data for table `deposito`
--

LOCK TABLES `deposito` WRITE;
/*!40000 ALTER TABLE `deposito` DISABLE KEYS */;
/*!40000 ALTER TABLE `deposito` ENABLE KEYS */;
UNLOCK TABLES;

--
-- Table structure for table `egreso`
--

DROP TABLE IF EXISTS `egreso`;
/*!40101 SET @saved_cs_client     = @@character_set_client */;
/*!40101 SET character_set_client = utf8 */;
CREATE TABLE `egreso` (
  `fecha` date NOT NULL,
  `origen` varchar(100) DEFAULT NULL,
  `destino_nombre` varchar(100) NOT NULL,
  `destino_localidadid` int(11) NOT NULL,
  `descripcion` text DEFAULT NULL,
  `nro_acta` varchar(20) DEFAULT NULL,
  `tipo_egresoid` int(11) DEFAULT NULL,
  `fecha_inicial` date NOT NULL,
  `id` int(11) NOT NULL AUTO_INCREMENT,
  `suscrito` varchar(70) DEFAULT NULL,
  PRIMARY KEY (`id`),
  KEY `fk_tipoegresoid` (`tipo_egresoid`),
  CONSTRAINT `fk_tipoegresoid` FOREIGN KEY (`tipo_egresoid`) REFERENCES `tipo_egreso` (`id`)
) ENGINE=InnoDB DEFAULT CHARSET=utf8;
/*!40101 SET character_set_client = @saved_cs_client */;

--
-- Dumping data for table `egreso`
--

LOCK TABLES `egreso` WRITE;
/*!40000 ALTER TABLE `egreso` DISABLE KEYS */;
/*!40000 ALTER TABLE `egreso` ENABLE KEYS */;
UNLOCK TABLES;

--
-- Table structure for table `inventario`
--

DROP TABLE IF EXISTS `inventario`;
/*!40101 SET @saved_cs_client     = @@character_set_client */;
/*!40101 SET character_set_client = utf8 */;
CREATE TABLE `inventario` (
  `comprobanteid` int(11) NOT NULL,
  `productoid` int(11) NOT NULL,
  `fecha_vencimiento` date DEFAULT NULL,
  `precio_unitario` double DEFAULT 0,
  `defectuoso` tinyint(1) DEFAULT 0,
  `egresoid` int(11) DEFAULT NULL,
  `depositoid` int(11) DEFAULT NULL,
  `id` int(11) NOT NULL AUTO_INCREMENT,
  `falta` tinyint(3) DEFAULT 0,
  `inactivo` tinyint(1) DEFAULT 0,
  PRIMARY KEY (`id`),
  KEY `fk_comprobante_has_producto_producto1_idx` (`productoid`),
  KEY `fk_comprobante_has_producto_comprobante1_idx` (`comprobanteid`),
  KEY `fk_stock_egreso1_idx` (`egresoid`),
  KEY `fk_stock_deposito1_idx` (`depositoid`),
  CONSTRAINT `fk_comprobante_has_producto_comprobante1` FOREIGN KEY (`comprobanteid`) REFERENCES `comprobante` (`id`) ON DELETE NO ACTION ON UPDATE NO ACTION,
  CONSTRAINT `fk_comprobante_has_producto_producto1` FOREIGN KEY (`productoid`) REFERENCES `producto` (`id`) ON DELETE NO ACTION ON UPDATE NO ACTION,
  CONSTRAINT `fk_egresoid` FOREIGN KEY (`egresoid`) REFERENCES `egreso` (`id`),
  CONSTRAINT `fk_stock_deposito1` FOREIGN KEY (`depositoid`) REFERENCES `deposito` (`id`) ON DELETE NO ACTION ON UPDATE NO ACTION
) ENGINE=InnoDB DEFAULT CHARSET=utf8;
/*!40101 SET character_set_client = @saved_cs_client */;

--
-- Dumping data for table `inventario`
--

LOCK TABLES `inventario` WRITE;
/*!40000 ALTER TABLE `inventario` DISABLE KEYS */;
/*!40000 ALTER TABLE `inventario` ENABLE KEYS */;
UNLOCK TABLES;

--
-- Table structure for table `marca`
--

DROP TABLE IF EXISTS `marca`;
/*!40101 SET @saved_cs_client     = @@character_set_client */;
/*!40101 SET character_set_client = utf8 */;
CREATE TABLE `marca` (
  `id` int(11) NOT NULL AUTO_INCREMENT,
  `nombre` varchar(100) NOT NULL,
  PRIMARY KEY (`id`),
  UNIQUE KEY `nombre` (`nombre`)
) ENGINE=InnoDB AUTO_INCREMENT=362 DEFAULT CHARSET=utf8;
/*!40101 SET character_set_client = @saved_cs_client */;

--
-- Dumping data for table `marca`
--

LOCK TABLES `marca` WRITE;
/*!40000 ALTER TABLE `marca` DISABLE KEYS */;
INSERT INTO `marca` VALUES (230,'1 2 3 listo'),(338,'1888'),(68,'3 arroyos'),(256,'3arroyos'),(289,'7up'),(319,'Abbott'),(254,'Aceitera general deheza'),(234,'Adams'),(33,'Ades'),(314,'Agua mate'),(283,'Aguaribay malbec 2013'),(85,'Aguila'),(196,'Aguila chocolate amargo 70'),(148,'Alcaraz'),(251,'Alfajores jorgito'),(291,'Algabo'),(17,'Alicante'),(217,'Allegro'),(263,'Alma mora'),(36,'Amanda'),(159,'Ametller origen'),(92,'Amodil'),(361,'Andresito'),(1,'Arcor'),(274,'Arlistan'),(145,'Aro'),(27,'Baggio'),(13,'Bagley'),(185,'Bagley argentina sa'),(86,'Bahia'),(308,'Baltika'),(309,'Bazooka'),(41,'Bc'),(54,'Bc la campagnola'),(94,'Beepure'),(228,'Billiken'),(67,'Bimbo'),(271,'Bodega la rural'),(262,'Bon o bon'),(276,'Bon squa'),(340,'Bonchia'),(349,'Bonte'),(158,'Boutique chips'),(320,'Breviss'),(354,'Briosh'),(209,'Cabana mico'),(295,'Cabreiroa'),(44,'Cachafaz'),(111,'Cada dia agd'),(190,'Cameleon'),(103,'Campari'),(101,'Canuelas'),(126,'Capitan del espacio'),(315,'Caracas'),(107,'Carefour'),(192,'Carilo sa'),(12,'Carrefour'),(336,'Castell'),(73,'Cbse'),(72,'Celusal'),(187,'Cepita'),(318,'Cereal fort'),(169,'Cereal mix'),(327,'Cerealitas'),(297,'Chocolatory'),(298,'Chuker'),(69,'Cica'),(213,'Cif'),(40,'Citric'),(5,'Coca cola'),(293,'Coca cola company'),(248,'Coca cola life'),(242,'Coca loca'),(240,'Cocinero'),(264,'Coconut merchant'),(337,'Cofler'),(99,'Colonial'),(130,'Conciencia'),(282,'Congys'),(110,'Cooperativa'),(244,'Costa del sol'),(238,'Cotapa'),(310,'Coto'),(35,'Cruz de malta'),(300,'Cumana'),(173,'Cunnington'),(330,'Cutex'),(236,'D ulcere de lecce'),(218,'Dada'),(25,'Dahi'),(197,'Danica dorada'),(19,'Danone'),(220,'Danone argentina'),(132,'De la panaderia'),(146,'Deluxe bla bla'),(157,'Dhum crack'),(3,'Dia'),(53,'Dicomere'),(287,'Dieter meier'),(123,'Don marcos'),(64,'Don satur'),(45,'Dona magdalena'),(261,'Donsatur'),(225,'Doritos'),(28,'Dos anclas'),(168,'Dos hermanos'),(82,'Dove'),(286,'Dulcor'),(96,'Ecosan'),(118,'Egran'),(89,'El brocal'),(152,'El chucupal'),(356,'El turista'),(59,'Emeth'),(138,'Equal'),(204,'Equal sweet'),(114,'Especias el castillo'),(229,'Estancia el placer'),(120,'Evercrisp'),(302,'Exeter'),(352,'Express light'),(21,'Exquisita'),(129,'Fantasia'),(269,'Fecoapi'),(122,'Fel fort'),(323,'Felfort'),(78,'Felices las vacas'),(239,'Ferrero'),(194,'Fincas el renuevo'),(267,'Flow cereal'),(112,'For van'),(223,'Franui'),(258,'Fronterita'),(177,'Full mix semillado'),(32,'Gallo'),(250,'Gallo snacks'),(253,'Gatorade'),(128,'Genser'),(83,'Gomes da costa'),(7,'Granix'),(165,'Granja del sol'),(90,'Great value'),(353,'Greating'),(359,'Green mills'),(115,'Grimaldi'),(154,'Hamlet'),(9,'Havanna'),(48,'Heineken'),(215,'Heinz'),(10,'Hellmann s'),(224,'Hellmans light'),(93,'Herbalife'),(119,'Hero'),(265,'High altitude'),(357,'Hilerer'),(37,'Hileret'),(116,'Hojaldre'),(193,'Hojalmar'),(233,'Hojalmar s a'),(175,'Ibope'),(16,'Ilolay'),(166,'Imperial'),(313,'Indelma'),(260,'Integra'),(98,'Isenbeck'),(347,'Jaserenisima'),(343,'Johnson s'),(241,'Jorgito'),(328,'Juan valdez'),(24,'Jumbo'),(71,'Kellogg s'),(292,'Kinder'),(84,'Kmd mexico'),(4,'Knorr'),(117,'Kokis'),(150,'Kolynos'),(182,'Kraus'),(322,'La anonima'),(348,'La banda'),(14,'La campagnola'),(311,'La litoralena'),(75,'La merced'),(113,'La morenita'),(216,'La parmesana'),(55,'La paulina'),(2,'La serenisima'),(312,'La serenissima'),(106,'La tranquilina'),(305,'La vie claire'),(137,'La virginia'),(237,'Lagarde'),(210,'Lapataia'),(277,'Latitud 33'),(249,'Le fit'),(188,'Le q'),(47,'Ledesma'),(227,'Leiva'),(131,'Levite'),(51,'Lia'),(243,'Liebig'),(22,'Lucchetti'),(345,'Luchetti'),(280,'Lunaris'),(46,'Macrobiotica'),(195,'Maggi'),(275,'Maizena'),(285,'Makarona'),(294,'Manao'),(61,'Manaos'),(39,'Manfrey'),(191,'Mani king'),(284,'Marbella'),(350,'Margadan'),(203,'Marian arytza'),(259,'Marinezzi'),(174,'Marinozzi'),(324,'Marolio'),(332,'Masseube'),(88,'Matarazzo'),(87,'Mauri'),(306,'Menoyo'),(135,'Merengo'),(38,'Milka'),(56,'Milkaut'),(160,'Milkout'),(164,'Misky'),(186,'Mk organic'),(183,'Mogul extreme'),(30,'Molino canuelas'),(62,'Molto'),(133,'Mondelez argentina s a'),(344,'Mondelēz international'),(304,'Moneda'),(355,'Monster'),(97,'Montecarlo'),(231,'Montesitos'),(121,'Morixe'),(23,'Natura'),(91,'Naturalmente granix'),(79,'Nature valley'),(18,'Nescafe'),(172,'Nesquik'),(11,'Nestle'),(290,'News'),(167,'Nobleza gaucha'),(60,'Noel'),(207,'Nosugar'),(278,'Ns'),(201,'Nutella'),(232,'Nutra sem'),(171,'Nutree'),(358,'Oblita'),(102,'Oddis nuts'),(77,'Okebon'),(317,'Old pulteney'),(288,'Onza de oro'),(31,'Oreo'),(70,'Orieta'),(179,'Oro lee s'),(134,'Palmesano'),(279,'Palmolive'),(161,'Pantene'),(321,'Par nor'),(144,'Pastarroz'),(346,'Patagonia berries'),(50,'Paty'),(143,'Pepsi'),(156,'Pergola'),(127,'Pindapoy'),(331,'Pipore'),(339,'Plusbelle'),(351,'Pond s'),(104,'Powerade'),(341,'Pozo'),(299,'Produit thailandais'),(58,'Pureza'),(272,'Pyros'),(20,'Quaker'),(307,'Quilmes'),(296,'Ravana'),(333,'Real'),(199,'Red spoon'),(281,'Regidiet'),(65,'Rexona'),(125,'Ricediex'),(26,'Riera'),(325,'Roland'),(81,'Rosamonte'),(136,'Royal'),(109,'S p'),(95,'Sabores de lo natural'),(342,'San bernardo'),(219,'San cor'),(235,'San ignacio'),(181,'San telmo'),(6,'Sancor'),(170,'Savencia'),(151,'Savora'),(268,'Schatzi'),(42,'Schweppes'),(155,'Semix'),(15,'Ser'),(189,'Serenisima'),(221,'Seven up'),(163,'Shimy'),(49,'Silk'),(335,'Sin culpa'),(245,'Smams'),(105,'Sol pampeano'),(142,'Solo'),(198,'Soriano'),(329,'Speed unlimited'),(80,'Sprite'),(252,'St wendeler'),(301,'Suave'),(208,'Sucaryl'),(141,'Tafi'),(34,'Tang'),(8,'Taragui'),(74,'Terrabusi'),(211,'Tholem'),(180,'Tia maruca'),(222,'Tiqle'),(360,'Tofi'),(270,'Tommy hilfiger'),(255,'Tonadita'),(139,'Tostitos'),(124,'Tratenfu'),(212,'Traviata'),(29,'Tregar'),(100,'Trever'),(205,'Trini'),(214,'Trio'),(162,'Tutti'),(176,'Ultratech'),(153,'Union'),(273,'Valcalin'),(266,'Valente'),(200,'Vauquita'),(57,'Vegetalex'),(257,'Veggieland'),(226,'Verdeflor'),(76,'Veronica'),(43,'Villa del sur'),(147,'Villa san remo'),(184,'Villavicencio'),(303,'Ville vicencio'),(334,'Virgen'),(108,'Wakas'),(246,'Wav'),(316,'Weekly'),(206,'Whey'),(140,'Wilde'),(326,'Yancanelo'),(66,'Yin yang'),(247,'Ying yang'),(178,'Yo pro'),(63,'Yogs'),(202,'Yogurisimo'),(52,'Zafran'),(149,'Zucoa');
/*!40000 ALTER TABLE `marca` ENABLE KEYS */;
UNLOCK TABLES;

--
-- Table structure for table `migration`
--

DROP TABLE IF EXISTS `migration`;
/*!40101 SET @saved_cs_client     = @@character_set_client */;
/*!40101 SET character_set_client = utf8 */;
CREATE TABLE `migration` (
  `version` varchar(180) NOT NULL,
  `apply_time` int(11) DEFAULT NULL,
  PRIMARY KEY (`version`)
) ENGINE=InnoDB DEFAULT CHARSET=utf8;
/*!40101 SET character_set_client = @saved_cs_client */;

--
-- Dumping data for table `migration`
--

LOCK TABLES `migration` WRITE;
/*!40000 ALTER TABLE `migration` DISABLE KEYS */;
INSERT INTO `migration` VALUES ('bedezign\\yii2\\audit\\migrations\\m150626_000001_create_audit_entry',1634569281),('bedezign\\yii2\\audit\\migrations\\m150626_000002_create_audit_data',1634569286),('bedezign\\yii2\\audit\\migrations\\m150626_000003_create_audit_error',1634569289),('bedezign\\yii2\\audit\\migrations\\m150626_000004_create_audit_trail',1634569294),('bedezign\\yii2\\audit\\migrations\\m150626_000005_create_audit_javascript',1634569296),('bedezign\\yii2\\audit\\migrations\\m150626_000006_create_audit_mail',1634569299),('bedezign\\yii2\\audit\\migrations\\m150714_000001_alter_audit_data',1634569300),('bedezign\\yii2\\audit\\migrations\\m170126_000001_alter_audit_mail',1634569302),('m000000_000000_base',1634569278),('m140209_132017_init',1634569461),('m140403_174025_create_account_table',1634569465),('m140504_113157_update_tables',1634569468),('m140504_130429_create_token_table',1634569473),('m140506_102106_rbac_init',1634569559),('m140830_171933_fix_ip_field',1634569475),('m140830_172703_change_account_table_name',1634569476),('m141222_110026_update_ip_field',1634569479),('m141222_135246_alter_username_length',1634569479),('m150614_103145_update_social_account_table',1634569481),('m150623_212711_fix_username_notnull',1634569481),('m151218_234654_add_timezone_to_profile',1634569481),('m160929_103127_add_last_login_at_to_user_table',1634569482),('m170907_052038_rbac_add_index_on_auth_assignment_user_id',1634569559),('m180523_151638_rbac_updates_indexes_without_prefix',1634569561),('m200409_110543_rbac_update_mssql_trigger',1634569561),('m200603_152906_marca',1634569304),('m200603_153857_categoria',1634569305),('m200609_165710_comprobante',1634569308),('m200611_151142_inventario',1634569311),('m200611_163245_inventario',1634569312),('m200616_172923_marca',1634569312),('m200619_150926_comprobante',1634569312),('m200626_133414_egreso',1634569312),('m200715_123534_tipoEgreso',1634569313),('m200715_124531_fk_egreso_tipoegresoid',1634569317),('m200717_123548_egreso_fecha_inicial',1634569317),('m200717_131116_egreso_id_autoincrement',1634569326),('m200724_130248_producto_activo',1634569326),('m200731_152727_egreso_suscrito',1634569327),('m211026_125744_comprobante_create_at',1635253330),('m211029_153008_new_column_inactivo_to_table_inventario',1635522804),('m211103_163839_borrar_fecha_inicial_en_table_comprobante',1635957667),('m211105_114648_alterColumn_unidad_valor_table_producto',1636113071),('m211109_162835_add_column_approved_at_to_table_comprobante',1636475575),('m211112_120642_comprobante_alter_column',1636719433),('m211116_123154_rols',1637065971),('m211116_130708_set_rols_to_admin',1637068715),('m211116_134327_create_table_user_persona',1637070242),('m211116_161222_insert_into_user_persona',1637080328),('m211117_132109_new_permisos',1637155623),('m211118_145856_edita_permiso_alta_egreso',1637247829),('m211119_130416_crea_permiso_defectuoso_set',1637327535),('m211119_134308_vincula_permisos_al_admin',1637329753),('m211119_160658_configura_y_crea_permiso_producto_crear',1637338232),('m211119_161058_crea_permiso_producto_crear',1637338986),('m211119_162122_vincula_producto_crear_al_admin',1637338987),('m211125_133231_crea_permiso_producto_faltante_set',1637852322),('m211126_130151_crea_permiso_comprobante_modificar',1637931925);
/*!40000 ALTER TABLE `migration` ENABLE KEYS */;
UNLOCK TABLES;

--
-- Table structure for table `producto`
--

DROP TABLE IF EXISTS `producto`;
/*!40101 SET @saved_cs_client     = @@character_set_client */;
/*!40101 SET character_set_client = utf8 */;
CREATE TABLE `producto` (
  `id` int(11) NOT NULL AUTO_INCREMENT,
  `nombre` varchar(200) NOT NULL,
  `codigo` varchar(45) DEFAULT NULL,
  `unidad_valor` double DEFAULT NULL,
  `unidad_medidaid` int(11) NOT NULL,
  `marcaid` int(11) NOT NULL,
  `categoriaid` int(11) NOT NULL,
  `activo` tinyint(1) DEFAULT 1,
  PRIMARY KEY (`id`),
  UNIQUE KEY `codigo_UNIQUE` (`codigo`),
  KEY `fk_producto_unidad_medida_idx` (`unidad_medidaid`),
  KEY `fk_producto_marca1_idx` (`marcaid`),
  KEY `fk_producto_categoria1_idx` (`categoriaid`),
  CONSTRAINT `fk_producto_categoria1` FOREIGN KEY (`categoriaid`) REFERENCES `categoria` (`id`) ON DELETE NO ACTION ON UPDATE NO ACTION,
  CONSTRAINT `fk_producto_marca1` FOREIGN KEY (`marcaid`) REFERENCES `marca` (`id`) ON DELETE NO ACTION ON UPDATE NO ACTION,
  CONSTRAINT `fk_producto_unidad_medida` FOREIGN KEY (`unidad_medidaid`) REFERENCES `unidad_medida` (`id`) ON DELETE NO ACTION ON UPDATE NO ACTION
) ENGINE=InnoDB AUTO_INCREMENT=10 DEFAULT CHARSET=utf8;
/*!40101 SET character_set_client = @saved_cs_client */;

--
-- Dumping data for table `producto`
--

LOCK TABLES `producto` WRITE;
/*!40000 ALTER TABLE `producto` DISABLE KEYS */;
INSERT INTO `producto` VALUES (1,'Aceite de girasol','A300',1.5,3,1,1,1),(2,'Aceite de girasol','A301',900,4,1,1,1),(3,'Arroz blanco','A302',1,1,168,1,1),(4,'Arroz blanco','A303',500,2,2,1,1),(5,'Arvejas','A304',300,2,60,1,1),(6,'Azucar blanca','A305',1,1,4,1,1),(7,'Detergente para vajillas','A306',750,4,100,2,1),(8,'Jabón blanco en pan','A307',200,2,101,2,1),(9,'Lavandina','A308',1,3,102,2,1);
/*!40000 ALTER TABLE `producto` ENABLE KEYS */;
UNLOCK TABLES;

--
-- Table structure for table `profile`
--

DROP TABLE IF EXISTS `profile`;
/*!40101 SET @saved_cs_client     = @@character_set_client */;
/*!40101 SET character_set_client = utf8 */;
CREATE TABLE `profile` (
  `user_id` int(11) NOT NULL,
  `name` varchar(255) COLLATE utf8_unicode_ci DEFAULT NULL,
  `public_email` varchar(255) COLLATE utf8_unicode_ci DEFAULT NULL,
  `gravatar_email` varchar(255) COLLATE utf8_unicode_ci DEFAULT NULL,
  `gravatar_id` varchar(32) COLLATE utf8_unicode_ci DEFAULT NULL,
  `location` varchar(255) COLLATE utf8_unicode_ci DEFAULT NULL,
  `website` varchar(255) COLLATE utf8_unicode_ci DEFAULT NULL,
  `bio` text COLLATE utf8_unicode_ci DEFAULT NULL,
  `timezone` varchar(40) COLLATE utf8_unicode_ci DEFAULT NULL,
  PRIMARY KEY (`user_id`),
  CONSTRAINT `fk_user_profile` FOREIGN KEY (`user_id`) REFERENCES `user` (`id`) ON DELETE CASCADE
) ENGINE=InnoDB DEFAULT CHARSET=utf8 COLLATE=utf8_unicode_ci;
/*!40101 SET character_set_client = @saved_cs_client */;

--
-- Dumping data for table `profile`
--

LOCK TABLES `profile` WRITE;
/*!40000 ALTER TABLE `profile` DISABLE KEYS */;
INSERT INTO `profile` VALUES (1,NULL,NULL,NULL,NULL,NULL,NULL,NULL,NULL),(8,NULL,NULL,NULL,NULL,NULL,NULL,NULL,NULL);
/*!40000 ALTER TABLE `profile` ENABLE KEYS */;
UNLOCK TABLES;

--
-- Table structure for table `proveedor`
--

DROP TABLE IF EXISTS `proveedor`;
/*!40101 SET @saved_cs_client     = @@character_set_client */;
/*!40101 SET character_set_client = utf8 */;
CREATE TABLE `proveedor` (
  `id` int(11) NOT NULL AUTO_INCREMENT,
  `nombre` varchar(100) NOT NULL,
  `cuit` varchar(45) DEFAULT NULL,
  PRIMARY KEY (`id`)
) ENGINE=InnoDB DEFAULT CHARSET=utf8;
/*!40101 SET character_set_client = @saved_cs_client */;

--
-- Dumping data for table `proveedor`
--

LOCK TABLES `proveedor` WRITE;
/*!40000 ALTER TABLE `proveedor` DISABLE KEYS */;
/*!40000 ALTER TABLE `proveedor` ENABLE KEYS */;
UNLOCK TABLES;

--
-- Table structure for table `social_account`
--

DROP TABLE IF EXISTS `social_account`;
/*!40101 SET @saved_cs_client     = @@character_set_client */;
/*!40101 SET character_set_client = utf8 */;
CREATE TABLE `social_account` (
  `id` int(11) NOT NULL AUTO_INCREMENT,
  `user_id` int(11) DEFAULT NULL,
  `provider` varchar(255) COLLATE utf8_unicode_ci NOT NULL,
  `client_id` varchar(255) COLLATE utf8_unicode_ci NOT NULL,
  `data` text COLLATE utf8_unicode_ci DEFAULT NULL,
  `code` varchar(32) COLLATE utf8_unicode_ci DEFAULT NULL,
  `created_at` int(11) DEFAULT NULL,
  `email` varchar(255) COLLATE utf8_unicode_ci DEFAULT NULL,
  `username` varchar(255) COLLATE utf8_unicode_ci DEFAULT NULL,
  PRIMARY KEY (`id`),
  UNIQUE KEY `account_unique` (`provider`,`client_id`),
  UNIQUE KEY `account_unique_code` (`code`),
  KEY `fk_user_account` (`user_id`),
  CONSTRAINT `fk_user_account` FOREIGN KEY (`user_id`) REFERENCES `user` (`id`) ON DELETE CASCADE
) ENGINE=InnoDB DEFAULT CHARSET=utf8 COLLATE=utf8_unicode_ci;
/*!40101 SET character_set_client = @saved_cs_client */;

--
-- Dumping data for table `social_account`
--

LOCK TABLES `social_account` WRITE;
/*!40000 ALTER TABLE `social_account` DISABLE KEYS */;
/*!40000 ALTER TABLE `social_account` ENABLE KEYS */;
UNLOCK TABLES;

--
-- Table structure for table `tipo_egreso`
--

DROP TABLE IF EXISTS `tipo_egreso`;
/*!40101 SET @saved_cs_client     = @@character_set_client */;
/*!40101 SET character_set_client = utf8 */;
CREATE TABLE `tipo_egreso` (
  `id` int(11) NOT NULL AUTO_INCREMENT,
  `nombre` varchar(40) DEFAULT NULL,
  PRIMARY KEY (`id`)
) ENGINE=InnoDB AUTO_INCREMENT=3 DEFAULT CHARSET=utf8;
/*!40101 SET character_set_client = @saved_cs_client */;

--
-- Dumping data for table `tipo_egreso`
--

LOCK TABLES `tipo_egreso` WRITE;
/*!40000 ALTER TABLE `tipo_egreso` DISABLE KEYS */;
INSERT INTO `tipo_egreso` VALUES (1,'Modulo'),(2,'Bulto');
/*!40000 ALTER TABLE `tipo_egreso` ENABLE KEYS */;
UNLOCK TABLES;

--
-- Table structure for table `token`
--

DROP TABLE IF EXISTS `token`;
/*!40101 SET @saved_cs_client     = @@character_set_client */;
/*!40101 SET character_set_client = utf8 */;
CREATE TABLE `token` (
  `user_id` int(11) NOT NULL,
  `code` varchar(32) COLLATE utf8_unicode_ci NOT NULL,
  `created_at` int(11) NOT NULL,
  `type` smallint(6) NOT NULL,
  UNIQUE KEY `token_unique` (`user_id`,`code`,`type`),
  CONSTRAINT `fk_user_token` FOREIGN KEY (`user_id`) REFERENCES `user` (`id`) ON DELETE CASCADE
) ENGINE=InnoDB DEFAULT CHARSET=utf8 COLLATE=utf8_unicode_ci;
/*!40101 SET character_set_client = @saved_cs_client */;

--
-- Dumping data for table `token`
--

LOCK TABLES `token` WRITE;
/*!40000 ALTER TABLE `token` DISABLE KEYS */;
/*!40000 ALTER TABLE `token` ENABLE KEYS */;
UNLOCK TABLES;

--
-- Table structure for table `unidad_medida`
--

DROP TABLE IF EXISTS `unidad_medida`;
/*!40101 SET @saved_cs_client     = @@character_set_client */;
/*!40101 SET character_set_client = utf8 */;
CREATE TABLE `unidad_medida` (
  `id` int(11) NOT NULL AUTO_INCREMENT,
  `nombre` varchar(45) NOT NULL,
  `simbolo` varchar(45) DEFAULT NULL,
  PRIMARY KEY (`id`)
) ENGINE=InnoDB AUTO_INCREMENT=7 DEFAULT CHARSET=utf8;
/*!40101 SET character_set_client = @saved_cs_client */;

--
-- Dumping data for table `unidad_medida`
--

LOCK TABLES `unidad_medida` WRITE;
/*!40000 ALTER TABLE `unidad_medida` DISABLE KEYS */;
INSERT INTO `unidad_medida` VALUES (1,'Kilogramo','kg'),(2,'Gramo','gr'),(3,'Litro','lt'),(4,'Mililitro','ml'),(5,'Unidad','un'),(6,'Centimetros cúbicos','cm3');
/*!40000 ALTER TABLE `unidad_medida` ENABLE KEYS */;
UNLOCK TABLES;

--
-- Table structure for table `user`
--

DROP TABLE IF EXISTS `user`;
/*!40101 SET @saved_cs_client     = @@character_set_client */;
/*!40101 SET character_set_client = utf8 */;
CREATE TABLE `user` (
  `id` int(11) NOT NULL AUTO_INCREMENT,
  `username` varchar(255) COLLATE utf8_unicode_ci NOT NULL,
  `email` varchar(255) COLLATE utf8_unicode_ci NOT NULL,
  `password_hash` varchar(60) COLLATE utf8_unicode_ci NOT NULL,
  `auth_key` varchar(32) COLLATE utf8_unicode_ci NOT NULL,
  `confirmed_at` int(11) DEFAULT NULL,
  `unconfirmed_email` varchar(255) COLLATE utf8_unicode_ci DEFAULT NULL,
  `blocked_at` int(11) DEFAULT NULL,
  `registration_ip` varchar(45) COLLATE utf8_unicode_ci DEFAULT NULL,
  `created_at` int(11) NOT NULL,
  `updated_at` int(11) NOT NULL,
  `flags` int(11) NOT NULL DEFAULT 0,
  `last_login_at` int(11) DEFAULT NULL,
  PRIMARY KEY (`id`),
  UNIQUE KEY `user_unique_username` (`username`),
  UNIQUE KEY `user_unique_email` (`email`)
) ENGINE=InnoDB AUTO_INCREMENT=9 DEFAULT CHARSET=utf8 COLLATE=utf8_unicode_ci;
/*!40101 SET character_set_client = @saved_cs_client */;

--
-- Dumping data for table `user`
--

LOCK TABLES `user` WRITE;
/*!40000 ALTER TABLE `user` DISABLE KEYS */;
INSERT INTO `user` VALUES (1,'admin','admin@desarrollohumano.gov.ar','$2y$10$z9tntOU5jwOoQXhf93p6Wu6TMaJPX3H9OOrr9NQoUy7VJBPg6QFJ6','kfWLAPwd8ahvdtwAfzyR5rVQ8pF1dOr_',1634570048,NULL,NULL,'172.21.0.4',1634570049,1638188743,0,1638188743),(8,'test','cperez@correo.com','$2y$10$H61FxJA2QuCZylPN2A8DKO/mBOFqS/J9ZPDg3aporOMPZOfbqFrhO','rECTPEmLOtCYxEKNV_hgeMGztPI_M6fW',1637151736,NULL,NULL,'172.21.0.8',1637151735,1638188551,0,1638188551);
/*!40000 ALTER TABLE `user` ENABLE KEYS */;
UNLOCK TABLES;

--
-- Table structure for table `user_persona`
--

DROP TABLE IF EXISTS `user_persona`;
/*!40101 SET @saved_cs_client     = @@character_set_client */;
/*!40101 SET character_set_client = utf8 */;
CREATE TABLE `user_persona` (
  `userid` int(11) NOT NULL AUTO_INCREMENT,
  `personaid` int(11) NOT NULL,
  `localidadid` int(11) NOT NULL,
  `fecha_baja` date DEFAULT NULL,
  `descripcion_baja` text DEFAULT NULL,
  `last_login_ip` varchar(20) DEFAULT NULL,
  PRIMARY KEY (`userid`),
  CONSTRAINT `fk_user_persona` FOREIGN KEY (`userid`) REFERENCES `user` (`id`) ON DELETE CASCADE ON UPDATE CASCADE
) ENGINE=InnoDB AUTO_INCREMENT=9 DEFAULT CHARSET=utf8;
/*!40101 SET character_set_client = @saved_cs_client */;

--
-- Dumping data for table `user_persona`
--

LOCK TABLES `user_persona` WRITE;
/*!40000 ALTER TABLE `user_persona` DISABLE KEYS */;
INSERT INTO `user_persona` VALUES (1,0,2626,NULL,NULL,'172.21.0.2'),(8,5226,2626,NULL,NULL,'172.21.0.2');
/*!40000 ALTER TABLE `user_persona` ENABLE KEYS */;
UNLOCK TABLES;
/*!40103 SET TIME_ZONE=@OLD_TIME_ZONE */;

/*!40101 SET SQL_MODE=@OLD_SQL_MODE */;
/*!40014 SET FOREIGN_KEY_CHECKS=@OLD_FOREIGN_KEY_CHECKS */;
/*!40014 SET UNIQUE_CHECKS=@OLD_UNIQUE_CHECKS */;
/*!40101 SET CHARACTER_SET_CLIENT=@OLD_CHARACTER_SET_CLIENT */;
/*!40101 SET CHARACTER_SET_RESULTS=@OLD_CHARACTER_SET_RESULTS */;
/*!40101 SET COLLATION_CONNECTION=@OLD_COLLATION_CONNECTION */;
/*!40111 SET SQL_NOTES=@OLD_SQL_NOTES */;

-- Dump completed on 2021-12-01 12:11:21
